"Date","GDP","M1","M2","M3","M4","M5","M6","M7","M8","M9","M10","M11","M12","M13","M14","M15","M16","M17","M18","M19","M20"
1959-03-31,NA,NA,NA,NA,NA,7.40724210946793,NA,NA,NA,NA,NA,NA,NA,1.56,2.3,0.733333333333333,0.203333333333333,1.42,NA,NA,1.21666666666667
1959-06-30,0.0223011654137224,0.0123906777335831,0.763900000000002,-0.2,0.00416769726272766,7.33286461634814,0.00402472353563551,0.00582781607348141,0.00454840158004011,NA,-0.00100250702131828,NA,0.196666666666667,1.27,1.87,0.52,-0.0833333333333333,1.17333333333333,0.153333333333333,0.116666666666667,1.25666666666667
1959-09-30,0.000705354590390783,-0.0199708060399377,-1.90656666666667,0.166666666666667,-0.00157472276237473,7.31634675641156,0.00419830189394466,-0.00237432324654977,-0.0336372799170418,NA,0.00501861986004304,NA,0.123333333333333,0.896666666666667,1.54,0.616666666666667,-0.0366666666666667,0.926666666666667,0.31,0.113333333333333,0.963333333333333
1959-12-31,0.00284484015535824,0.0195893444657466,1.50643333333333,-0.0666666666666667,0.00462204514617959,7.28184390685473,-0.00279918967392649,-0.00801990290966614,0.0165715598605226,NA,-0.00401611283872475,NA,0.0766666666666668,0.58,1.28333333333333,0.77,0.24,0.593333333333333,0.0466666666666666,0.00333333333333356,0.353333333333333
1960-03-31,0.0222282545720347,0.00265412277069199,-0.108700000000004,0.0333333333333335,0.0017184066730079,7.20420803060191,0.00705464467015826,0.00973332381413883,-0.0178341052420604,NA,0.00300753919987902,NA,-0.0500000000000001,0.62,1.37666666666667,0.753333333333333,-0.06,0.553333333333333,-0.373333333333333,-0.146666666666667,0.613333333333333
1960-06-30,-0.0054053160473746,-0.00725175988578908,-1.00616666666666,0,-0.000649498070114755,7.14589240660289,-0.00173597227418965,0.0031640886766624,0.00673598050607123,NA,-0.00300753919987902,NA,-0.173333333333333,0.756666666666667,1.55,0.376666666666667,-0.703333333333333,0.563333333333333,-0.22,-0.0333333333333332,1.26666666666667
1960-09-30,0.00488227507408112,-0.00505315241497565,-0.768300000000001,0.0333333333333332,-0.000742958324308892,7.09710456230543,0.00193639681583517,-0.00253986876458908,0.00580535456507055,NA,0,NA,-0.24,1.37666666666667,2.16666666666667,0.436666666666667,-0.576666666666667,0.896666666666667,-0.0966666666666667,-0.116666666666667,1.47333333333333
1960-12-30,-0.0129171009945033,-0.0115571280995816,-1.221,0.366666666666667,-0.00299470688934574,7.07474592567891,-0.00366304052519843,-0.00431995417845836,-0.0205089625757087,NA,-0.000990590129719138,NA,-0.206666666666667,2.02333333333333,2.8,0.973333333333333,0.01,1.59,-0.07,0.0133333333333333,1.58
1961-03-31,0.00672637255222774,0.00202161844364375,-0.13066666666667,0.1,-0.00051520325088994,7.12220964999286,0.00616727136820749,0.00257287179991235,-0.0101832368782032,NA,0,NA,0.0133333333333333,2.26666666666667,3.06,1.01,0.346666666666667,1.78333333333333,0.00666666666666667,-0.0333333333333332,1.43666666666667
1961-06-30,0.0168318883198744,0.0165122933375734,1.15346666666667,0,0.0019696069792315,7.13525449331505,0.00298761966181601,0.00149019209883861,0.0309231633828529,NA,0.000990590129719138,NA,-0.0966666666666667,2.55,3.28333333333333,1.12666666666667,0.57,2.05666666666667,0.0600000000000001,0.0466666666666666,1.48666666666667
1961-09-29,0.0190139536230909,0.00645797863588256,0.277366666666666,-0.0666666666666667,0.00252850379576763,7.21357490608942,0.00203633879107142,0.00397785917661745,0.00859875078965781,NA,-0.00099950099875216,NA,0.05,2.75333333333333,3.42333333333333,1.21333333333333,0.62,2.29666666666667,0,0.0333333333333334,1.67666666666667
1961-12-29,0.0194211630106746,0.0143591653202647,1.1493,-0.233333333333333,0.00295321963452662,7.23574997877261,0.00760569596386329,0.00841795568999496,0.0244454106960497,NA,0.00099950099875216,NA,0.15,2.01,2.71333333333333,0.656666666666667,0.06,1.57333333333333,0.04,0.0266666666666665,1.51333333333333
1962-03-30,0.0176792845065208,0.00429638110131088,0.0956999999999984,-0.133333333333333,0.00243917551549681,7.21450206545427,0.00270440426658958,0.00845209165492319,-0.00925128763121682,NA,-0.000993542712712643,NA,0.173333333333333,1.95333333333333,2.60666666666667,0.786666666666667,0.266666666666667,1.56,-0.04,-0.0433333333333331,1.29333333333333
1962-06-29,0.00899605213948185,-0.000355704546063595,-0.320699999999997,-0.0333333333333332,0.00221784281793802,7.29266555432343,0.00201400080785744,-0.000241495838316415,-0.00514027502449051,NA,0.000993542712712643,NA,-0.0566666666666666,1.69,2.40666666666667,0.596666666666667,0.11,1.26666666666667,-0.0100000000000001,-0.00666666666666667,1.15666666666667
1962-09-28,0.0122102806662756,0.00564881155974032,0.28613333333333,0.0333333333333332,0.00199483373546094,7.26407385042004,0.00573392048990865,0.00829946668052569,0.0174379702291786,NA,0.00297178788598407,NA,0.0733333333333333,1.49,2.2,0.486666666666667,-0.00666666666666667,1.14333333333333,0.0100000000000001,0.0233333333333333,1.15
1962-12-31,0.00328361877904015,0.00174628410065954,-0.0361333333333297,-0.0333333333333332,0.000297603124364443,7.36046634488414,0.0046070172561287,0.00686347755806279,0.0145395184521456,NA,-0.00396533059869671,NA,0.0100000000000001,1.33333333333333,2.03333333333333,0.34,-0.11,0.98,-0.0166666666666668,-0.04,1.09
1963-03-29,0.0108565966272991,0.00825737715043706,0.315066666666667,0.0666666666666667,0.00173271535766221,7.24838982799432,0.000332585044636069,0.00152992246174399,0.00711808917857463,NA,-5.9582860395165e-06,NA,0.0166666666666666,1.23,1.92666666666667,0.343333333333333,-0.06,0.926666666666667,0.00666666666666667,0.0233333333333334,0.986666666666667
1963-06-28,0.0111587237475597,0.00805653168916246,0.4385,-0.0333333333333335,0.00200037775388099,7.40172788323499,0.00462168004572394,0.00180056743891003,-0.0122055821024905,NA,0.00199601394820759,NA,0.00333333333333341,1.25666666666667,1.89,0.353333333333333,-0.0233333333333333,1,0.0566666666666668,0.02,1.02333333333333
1963-09-30,0.0217461732624038,0.00264240619912822,-0.0390333333333359,-0.0333333333333332,0.00245596944698138,7.42102820332387,0.0022707497127971,0.00260176620420201,0.0108791444509091,NA,-0.000996512949455427,NA,0.163333333333333,0.956666666666667,1.50666666666667,0.366666666666667,-0.0366666666666667,0.703333333333333,0.123333333333333,0.03,0.74
1963-12-31,0.00653462710777752,0.00327472534922283,0.0622666666666684,0,0.00164862547958933,7.39414141236864,0.00622588702501566,0.00921747160584019,-0.00654984308462048,NA,-0.000996512949455427,NA,-0.0333333333333334,0.88,1.38666666666667,0.453333333333333,0.0433333333333333,0.666666666666667,0.0800000000000001,0.0166666666666666,0.623333333333333
1964-03-31,0.0208633596084606,0.00517331300492045,0.116,-0.0333333333333332,0.00310031329131336,7.40357130400964,0.00458639115932883,0.00219856948046804,0.0205354819411957,NA,0,NA,0.0166666666666668,0.913333333333333,1.36666666666667,0.486666666666667,0.0666666666666667,0.716666666666667,0.0333333333333334,0.03,0.65
1964-06-30,0.0108284965384104,0.00823805345073433,0.363833333333332,-0.0666666666666667,0.00184873072559396,7.30497452033398,0.00707985696140886,0.00747564698578884,0.0155213472583047,NA,0.000996512949455427,NA,0.0233333333333333,0.916666666666667,1.36,0.443333333333333,-0.0133333333333333,0.71,-0.0266666666666667,-0.0166666666666666,0.723333333333333
1964-09-30,0.015502223864603,0.00558655929057498,0.250133333333333,-0.0333333333333335,0.00389342040155801,7.33155908757942,0.0030412154559231,0.00943110394269316,0.00718840519689164,NA,0,NA,-0.0166666666666666,0.953333333333333,1.36666666666667,0.453333333333333,0.04,0.736666666666667,0.00333333333333326,0.0100000000000001,0.696666666666667
1964-12-31,0.00308395829075359,0.00940804462530102,0.601033333333334,-0.0333333333333332,0.00291855869889919,7.31181112841721,0.0023463545703574,0.00512319531092409,0.0104231313570526,NA,0,NA,0.133333333333333,0.853333333333333,1.23333333333333,0.486666666666667,0.106666666666667,0.596666666666667,0.0599999999999999,-0.00666666666666682,0.49
1965-03-31,0.0239093974647666,0.010021437559588,0.4248,-0.0999999999999999,0.00324895390963557,7.24800767618983,0.00866199911943462,0.00121385094324763,0.016302947408913,NA,0,NA,0.0666666666666666,0.446666666666667,0.813333333333333,0.323333333333333,-0.0833333333333333,0.23,0.0133333333333333,0.0100000000000001,0.313333333333333
1965-06-30,0.0125538521005275,0.00661223378847797,0.0604333333333358,-0.0333333333333335,0.00379479295854068,7.29154728506073,-0.000740477764373063,0.00591778602726478,0.000161119093859223,NA,0.000976086593029576,NA,0,0.366666666666667,0.743333333333333,0.3,-0.203333333333333,0.13,-0.0233333333333331,0,0.333333333333333
1965-09-30,0.0219889833371987,0.00536473595401787,0.0334666666666645,-0.0999999999999999,0.00436520670587133,7.30011478643523,0.0121267840348126,0.00733316097673746,0.00382920035815755,NA,-2.84989191815891e-06,NA,-0.0100000000000001,0.423333333333333,0.816666666666667,0.303333333333333,-0.206666666666667,0.173333333333333,0.07,0.0266666666666667,0.38
1965-12-31,0.0227789824356197,0.00884559518160888,0.3185,-0.0999999999999999,0.00447997783611716,7.32634974834411,0.00516366327750051,0.0136746647706042,0.0278170311159827,NA,0.000953550937388285,NA,0.1,0.446666666666667,0.8,0.303333333333333,-1.73472347597681e-18,0.306666666666667,0.173333333333333,0.11,0.306666666666667
1966-03-31,0.0240507359878457,0.00994249483963383,0.358099999999998,-0.0666666666666667,0.00462107246279568,7.23029568723875,0.00693743958799849,0.00896736355966551,0.022688517950284,NA,-0.0019267876384997,NA,0.113333333333333,0.256666666666667,0.61,0.41,0.0533333333333333,0.213333333333333,0.0833333333333333,0.0833333333333333,0.16
1966-06-30,0.00341019827780187,0.00525311184008389,-0.0226333333333315,0,0.00481274840200285,7.14574398390569,-0.00206056484856424,-0.00273764997153177,-0.00177132865454392,NA,-0.0019047670878128,NA,0.17,0.09,0.576666666666667,0.513333333333333,-0.326666666666667,-0.133333333333333,0,-0.0200000000000002,0.193333333333333
1966-09-30,0.00843338931032989,0.00517255884247551,-0.0913666666666681,-0.0333333333333332,0.00275462265295031,6.98772528447689,0.006443349110462,0.00582983028666343,0.00833731893832024,NA,0.00378270632723154,NA,0.0766666666666668,-0.09,0.456666666666667,0.38,-0.366666666666667,-0.27,0.283333333333333,0.123333333333333,0.0966666666666667
1966-12-30,0.00817060063251596,0.000769386184786984,-0.407266666666663,0.0333333333333332,0.00285476912156627,6.83421543670026,-0.000231391694163641,-0.00369568865915978,-0.0230403210546732,NA,-0.00281823135329917,NA,0,-0.18,0.573333333333333,0.436666666666667,-0.353333333333333,-0.56,-0.206666666666667,-0.113333333333333,-0.206666666666667
1967-03-31,0.00881654565632672,-0.00411799191629096,-0.836133333333336,0,0.00168797388657656,6.98620289010213,0.00207676534542989,-0.0165701527910027,-0.0146841902298368,NA,0.000940292113880433,NA,-0.29,0.296666666666667,1.05666666666667,0.626666666666667,-0.31,-0.24,-0.283333333333333,-0.0999999999999999,0.07
1967-06-30,0.000612790331889101,0.000166889189066932,-0.482366666666664,0.0333333333333334,0.00111720600215648,7.09911309241635,0.00507603572858632,0.00916096506236504,0.0265610926165441,NA,0.00281295621528817,NA,-0.183333333333333,1.27333333333333,1.99,0.726666666666667,-0.33,0.83,0.0433333333333336,0.16,1.16
1967-09-29,0.00941673225188744,0.00502394626052771,-0.00156666666666657,-0.0333333333333334,0.00209227910736646,7.24216934120497,0.00257545057008294,0.00709387945184581,-0.0109110207667911,NA,-0.00281295621528817,NA,0.00333333333333341,1.72333333333333,2.43666666666667,1.08,0.406666666666667,1.35333333333333,0.253333333333333,0.0933333333333334,0.946666666666667
1967-12-29,0.00751188627561739,0.0110081770033183,0.646633333333332,0,0.00368748625140292,7.27389833228249,0.00355159036460639,0.01206855924252,0.0403381588636265,NA,0.000927214320625591,NA,0.173333333333333,1.85333333333333,2.55,1.13,0.58,1.47,0.156666666666667,0.133333333333333,0.89
1968-03-29,0.0201898770962075,0.00187181423106312,-0.280633333333332,-0.0333333333333332,0.00196232418383187,7.28219909147939,0.00800229752875244,0.00579331331752779,-0.0025153852808657,NA,-7.67350759911523e-06,NA,0.18,1.34,2.04333333333333,0.79,0.263333333333333,0.823333333333333,-0.0433333333333333,0.0133333333333333,0.56
1968-06-28,0.0165699524373952,0.00542268000029115,0.0747333333333321,0,0.0030079099567845,7.28210188313781,0.00388605437579651,0.00678257036294324,-0.0154922662860303,NA,-7.54754006833854e-06,NA,0.34,0.273333333333333,1.04333333333333,0.0966666666666667,-0.46,-0.236666666666667,0.133333333333333,-0.00666666666666682,0.223333333333333
1968-09-30,0.00771968305923743,0.00167754389725827,-0.304266666666668,-0.1,0.00283015726217961,7.32698124910087,0.00354159009381331,0.00134010875183321,0.0155039016822958,NA,0.000894695883488191,NA,-0.0966666666666667,0.133333333333333,0.92,0.0166666666666667,-0.746666666666667,-0.483333333333333,-0.176666666666667,-0.0866666666666666,0.263333333333333
1968-12-31,0.00392548560109951,0.00599589033357247,0.223466666666667,0,0.00369804081379677,7.36641603356117,0.00157033117763709,0.0125395790707425,0.00155546544001339,NA,-0.00180668915644633,NA,0.0799999999999998,0.326666666666667,1.11,0.0466666666666667,-0.33,-0.146666666666667,0.246666666666667,0.19,0.183333333333333
1969-03-31,0.0155299389096939,0.00674127801932108,0.290199999999999,0,0.0031476378852755,7.42419066813094,0.00334028923441802,0.0032974152373478,0.0120216134341102,NA,0.00178731438046172,NA,0.256666666666667,0.133333333333333,0.81,0.09,-0.473333333333333,-0.39,0.0499999999999998,0.0899999999999999,0.0833333333333333
1969-06-30,0.00303534189183452,0.000749227354314671,-0.395666666666666,0.0333333333333334,0.00346758403703025,7.34262858861802,0.00229399500785539,0.00297796221167405,-0.00856532148293236,NA,-2.82953468471921e-05,NA,0.703333333333333,-1.44,-0.74,-0.786666666666667,-2.13,-1.97333333333333,0.233333333333333,0.0900000000000001,0.156666666666667
1969-09-30,0.00658342368481613,0.00244547428508553,-0.116433333333333,0.0666666666666667,0.00130931523576017,7.25091653497588,0.00303026858259485,0.0086319764939559,0.0216002224778116,NA,-0.000887558842257589,NA,0.0833333333333333,-1.92,-1.06666666666667,-0.496666666666667,-1.96,-2.12666666666667,0.26,0.196666666666667,-0.166666666666667
1969-12-31,-0.00488887698317342,-0.0039550568756761,-0.739466666666667,-0.0666666666666667,0.0015335400408721,7.17839843243584,0.00104023114636043,0.00639904316305421,-0.0197600179304871,NA,-1.34588596327016e-05,NA,-0.0599999999999999,-1.47333333333333,-0.566666666666667,-0.32,-1.58666666666667,-1.64333333333333,0.116666666666667,0.163333333333333,-0.0566666666666667
1970-03-31,-0.00148581028203942,-0.00688296517654304,-0.936733333333332,0.3,0.000981134899473564,7.11597424614956,0.00173454660902032,-0.000560676906048959,-0.023662647756467,NA,-4.39437783302428e-06,NA,-0.403333333333334,-0.68,0.183333333333333,-0.02,-1.36333333333333,-1.20666666666667,-0.4,-0.193333333333333,0.156666666666667
1970-06-30,0.00141829375613156,-0.00232715391761736,-0.493266666666666,0.166666666666667,-0.00197455190897896,7.17929649689465,0.00365621272641947,0.0107719584254031,0.00948205655633968,NA,-2.18035219227512e-06,NA,-0.0499999999999998,0.26,1.09666666666667,0.28,-1.20333333333333,-0.166666666666667,0.193333333333333,0.256666666666667,1.03666666666667
1970-09-30,0.00917330459235544,-0.00208329586464447,-0.567033333333332,0.166666666666667,-0.000399136972786115,7.3012123119804,0.00296939719101896,0.00370786173614531,-0.00463494400290365,NA,0.00253269721964037,NA,-0.44,1.51666666666667,2.70666666666667,1.13,-0.376666666666667,0.756666666666667,-0.273333333333333,-0.15,1.13333333333333
1970-12-31,-0.0107742150232326,-0.00119174479911255,-0.31046666666667,0.233333333333333,-0.000714944489616916,7.43926966913599,-0.00114440211274684,0.00490474059585703,0.0133684528447772,NA,-0.00338412382133931,NA,-0.463333333333333,2.34,3.71,0.726666666666667,-0.213333333333333,1.28666666666667,-0.576666666666667,-0.333333333333333,1.5
1971-03-31,0.0267976421862315,0.00155730709623973,-0.0280999999999996,-0.0333333333333332,0.00032003315742557,7.50935040427432,0.00533438506936212,0.0117397030800994,0.00976180731043996,NA,0.000830220437484079,NA,-0.396666666666667,3.36,4.67333333333333,0.733333333333333,-0.0166666666666667,2.16,-0.436666666666667,-0.23,2.17666666666667
1971-06-30,0.00539661285215587,0.00494867734829644,0.177000000000002,-0.0333333333333332,0.0018482861621667,7.61093455921755,0.00443649970599151,0.0103701762673018,-0.0038818688920698,NA,-8.18960575281006e-06,NA,0.4,2.91,4.04333333333333,0.436666666666667,-0.313333333333333,1.68333333333333,0.65,0.273333333333333,1.99666666666667
1971-09-30,0.00819599176163877,0.00246440439995525,0.0588000000000003,0.0333333333333332,0.00167987588512967,7.6465655832963,0.00377735031544102,0.00857403844178606,0.0148499184915488,NA,-0.000822030831731269,NA,0.213333333333333,2.08333333333333,3.23,0.25,-0.463333333333333,1.01,-0.0766666666666665,-0.126666666666667,1.47333333333333
1971-12-31,0.00235506304896127,0.00772330645676108,0.52973333333333,0,0.00229609251705772,7.69647437978307,0.00464269475174787,0.00762874060383349,0.0112402672709878,NA,0.00244201336402439,NA,-0.47,2.55,3.66333333333333,0.223333333333333,-0.52,1.14,-0.27,-0.07,1.66
1972-03-31,0.0182225451556111,0.013633058564343,0.882866666666667,-0.0666666666666667,0.00383772011356539,7.78534352800401,0.00621952025208724,0.00872255629275465,0.0154171842740111,NA,-0.00244201336402439,NA,-0.103333333333333,3.69333333333333,4.69333333333333,0.433333333333333,-0.103333333333333,2.49333333333333,0.0233333333333334,0.0466666666666669,2.59666666666667
1972-06-30,0.0224439628970572,0.00414881394228139,0.225800000000002,-0.0333333333333332,0.00369914681405821,7.71480515681782,0.0037136937417331,0.00735569799576237,0.0113430627431974,NA,0.00160256718936787,NA,0.21,2.97666666666667,3.92333333333333,0.233333333333333,-0.53,1.84333333333333,0.0866666666666666,0.0133333333333333,2.37333333333333
1972-09-29,0.0093995048001112,0.00678438087245237,0.355333333333334,-0.0666666666666667,0.00227894939479079,7.77056224095554,0.00479888372340905,0.0111688039685186,0.0293743560263628,NA,-1.90329365019615e-05,NA,0.136666666666667,2.46666666666667,3.43,0.14,-0.52,1.55,0.196666666666667,0.146666666666667,2.07
1972-12-29,0.0166059423358931,0.0118289811979232,0.87533333333333,-0.0999999999999999,0.00447625519492216,7.79297331333571,0.00804985148484179,0.0143542086759402,0.0150353051004727,NA,0.00155374380791636,NA,0.153333333333333,1.99333333333333,2.85,0.116666666666667,-0.28,1.23,0,-0.0633333333333332,1.51
1973-03-30,0.0244467909319717,0.00730367331894695,0.46456666666667,-0.0999999999999999,0.00446938001995771,7.77360686819013,0.00570948124911711,0.0130082180141411,0.0274028540048453,NA,0.00368889905373138,NA,0.586666666666667,0.683333333333333,1.43,-0.303333333333333,-0.836666666666667,0.0666666666666667,0.443333333333333,0.116666666666667,0.903333333333333
1973-06-29,0.010827792599402,0.00216934005355792,-0.147833333333333,0,0.00262453125447652,7.66722313471433,-0.00144144368766759,0.000596499635425,-0.000423181011077745,NA,-0.00314289838565192,-0.00600815641201772,0.466666666666667,-0.51,0.276666666666667,-0.353333333333333,-1.21333333333333,-1.01,0.153333333333333,0.0633333333333335,0.203333333333333
1973-09-28,-0.00527286250091308,0.00350849501401695,-0.0235000000000033,-0.0333333333333335,0.00168220574153525,7.607499560858,0.00333669786503347,0.00554473158296472,-0.00105244225236945,NA,-0.00439325414813663,-0.00100646955590822,0.763333333333333,-2.97333333333333,-2.09333333333333,-0.616666666666667,-2.23666666666667,-3.35333333333333,0.333333333333334,0.0633333333333332,-1.11666666666667
1973-12-31,0.00944739294992658,0.00320354103483463,0.207733333333337,0.0333333333333335,0.00324091829999773,7.40252314163042,-0.0045357771084545,-0.00428460900985961,0.00655089686718154,NA,0.00352293163456322,0.0134317908739563,-0.276666666666667,-2.34666666666667,-1.56,-0.82,-2.49666666666667,-3.24333333333333,-0.346666666666667,-0.116666666666667,-0.746666666666667
1974-03-29,-0.00863489941376017,-0.00324373509178999,-0.645333333333336,0.0666666666666664,0.00113011083107277,7.36591744966462,-0.00159857472962699,0.0108974310776458,0.0143571527937484,NA,0.00052374164974515,-0.00189793912072833,-0.2,-1.42666666666667,-0.78,-0.823333333333333,-1.70666666666667,-2.27,0.163333333333333,0.156666666666667,-0.563333333333333
1974-06-28,0.00237401207557753,0.00106460112348235,-0.14503333333333,0.1,0.00130869086733417,7.32220089350004,0.00128776473632423,0.00902528359280789,0.0231310772103388,NA,-0.00333669786503347,-0.00364437496314303,0.86,-2.88666666666667,-2.18666666666667,-0.61,-3.09666666666667,-3.70666666666667,0.303333333333333,0.11,-0.61
1974-09-30,-0.00949637596699482,-0.00292760585723991,-0.4649,0.166666666666667,2.54430267148109e-05,7.09013524115284,0.000227955661148046,0.00660130863857411,0.00336734376856581,NA,0.0037037418083569,0.0105436566547604,-0.196666666666667,-3.10333333333333,-2.28,-0.396666666666667,-3.9,-4.12666666666667,0.0666666666666664,0.166666666666666,-0.226666666666667
1974-12-31,-0.00388896003970451,-0.0242972729600216,-2.41423333333334,0.433333333333333,-0.00408720398084543,6.9304248080615,-0.00511449579421323,-0.0100111143154589,-0.0536796335639208,NA,-0.0037037418083569,-0.00634892133418437,-0.936666666666667,-0.33,1.22333333333333,-0.12,-1.98666666666667,-1.67666666666667,-0.52,-0.203333333333333,0.31
1975-03-31,-0.0122475547983054,-0.0160780247321853,-1.67646666666667,0.466666666666667,-0.00433793117151874,6.88227132349295,0.00488654013306518,0.00920210497159424,-0.0263791068388706,NA,0,-0.0100414820599812,-0.996666666666666,2.40333333333333,4.34333333333333,0.3,-0.553333333333333,1.23666666666667,-0.4,0.1,1.79
1975-06-30,0.00711995501801788,0.00176068255050366,0.049066666666666,0.066666666666667,-0.000552766461027569,6.97529871022885,0.00746169786871527,0.0192833475954786,0.0136087196872487,NA,0.00289102708447627,0.00592453328159544,0.00333333333333326,3.45333333333333,5.21,0.406666666666667,-0.0266666666666667,2.63,0.0599999999999999,0.0433333333333333,2.65666666666667
1975-09-30,0.0169716824530148,0.0109709591962086,0.870566666666666,-0.133333333333333,0.0030656242026937,7.13080523038283,0.00304701760492672,0.00939484266531328,0.0309353624913342,NA,-0.000634955302429852,0.0171690531226266,0.23,2.75333333333333,4.42333333333333,0.406666666666667,0.17,2.13666666666667,0.486666666666667,0.19,1.96666666666667
1975-12-31,0.0133753908308964,0.00637918214882986,0.383566666666667,-0.066666666666667,0.00338822202886568,7.20159660144517,0.00565643583303999,0.00874968373345908,0.0018394714012621,NA,-0.00170097867569267,0.00129656169653665,-0.346666666666667,3.39666666666667,5.16666666666667,0.59,0.213333333333333,2.65,-0.383333333333333,-0.143333333333333,2.43666666666667
1976-03-31,0.0222384829005531,0.00846386571818799,0.590033333333333,-0.2,0.00437617041083094,7.27257603829555,0.00466742930021624,0.00805929535585766,0.0421173561397321,NA,9.25927211940329e-07,0.000165684515020044,-0.12,3.73,5.43,0.353333333333333,0.09,2.92666666666667,-0.13,-0.0899999999999999,2.83666666666667
1976-06-30,0.00731022087458477,0.00343725551353424,0.127433333333334,0,0.00138026422201065,7.27867924286768,0.00376640901129521,0.0106183887448642,0.0054570847793632,NA,-4.59900155676725e-06,0.00317293332294533,0.213333333333334,3.33666666666667,4.7,0.256666666666667,-0.04,2.57666666666667,0.103333333333333,0.0433333333333333,2.61666666666667
1976-09-30,0.005472058583738,0.00512233420943383,0.228800000000002,0,0.00215988901474399,7.34701044201927,0.00278997817742876,0.000702108121344599,0.0098662778315403,NA,0.000541477121890566,-0.00415724373534054,-0.0766666666666668,3.18,4.33666666666667,0.126666666666667,-0.133333333333333,2.44666666666667,-0.226666666666667,-0.0900000000000001,2.58
1976-12-31,0.00722236559552059,0.00856226935461886,0.407033333333331,0.0666666666666667,0.00231176345495262,7.43218146677157,0.00683237005719114,0.015718401472992,0.0291430228073371,NA,0.00158880140771108,0.00631558233816006,-0.2,3.31,4.34,0.04,-0.2,2.31666666666667,-0.316666666666667,-0.24,2.51666666666667
1977-03-31,0.0117455857263931,0.00724579632133719,0.577133333333336,-0.133333333333333,0.00388456293912457,7.51165508922244,0.00111125221398733,0.00796200177210279,0.0128320898983105,NA,-5.49447531753936e-05,-0.000800259620534464,0.0133333333333333,3.37333333333333,4.44666666666667,0.0833333333333333,-0.03,2.69333333333333,0.203333333333333,0.196666666666667,2.72333333333333
1977-06-30,0.0192545661353769,0.00829863110165396,0.530599999999997,-0.0666666666666667,0.00446270881016216,7.55920140265796,0.00126548272848452,0.00543162631742611,0.0111611790454553,NA,-0.0015931612490192,-0.00229308529897783,0.233333333333333,2.85666666666667,3.84,-0.0133333333333333,-0.316666666666667,2.21333333333333,0.0999999999999999,-0.0599999999999999,2.53
1977-09-30,0.0178827060042899,0.0021478778168329,-0.0608333333333301,-0.133333333333333,0.00419232125296235,7.60513813543227,0.00353822116980614,0.00497033168619213,0.00984357124599751,NA,0.000496632010117182,-0.000156766483667248,0.25,2.12666666666667,3.01,-0.07,-0.323333333333333,1.53666666666667,0.243333333333333,0.0199999999999999,1.86
1977-12-30,2.18574803589888e-05,0.00152929081529122,0.1668,-0.133333333333333,0.00348536200703305,7.63762174948564,0.00545944823524058,0.0107169113969601,0.0174211048280822,NA,-2.75924231365465e-05,-0.0145910282922352,0.14,1.59,2.43,0.04,-0.403333333333333,1.08333333333333,0.143333333333333,0.116666666666667,1.48666666666667
1978-03-31,0.00318654996701362,0.00337275831460726,-0.0531000000000006,-0.0333333333333335,0.00412085074008317,7.5087274056893,0.00455207537548781,0.00925444976283115,0.0083854733532854,NA,-2.44331237748696e-05,-0.00687712711198015,0.0766666666666668,1.69333333333333,2.44,-0.00333333333333333,-0.363333333333333,1.25333333333333,0.116666666666667,0.116666666666666,1.61666666666667
1978-06-30,0.0379147664271784,0.0102221091606327,0.502799999999998,-0.133333333333333,0.00576160352813796,7.65595613043627,0.00442035559558995,0.0160714549209224,0.0201053856525733,0.400000000000001,0.00140366330832957,-0.0044418563823454,0.27,1.38666666666667,2.18666666666667,-0.126666666666667,-0.806666666666667,1.03666666666667,0.26,0.140000000000001,1.84333333333333
1978-09-29,0.0100049543821807,0.00201360974621423,-0.0157333333333298,0.0333333333333332,0.00256248481325253,7.61018836792942,0.000870058629679556,0.00376407528073012,0.0135662627216308,0.133333333333335,0.000416162217447891,-0.0155139706168426,0.283333333333333,0.653333333333333,1.4,-0.0766666666666667,-0.786666666666667,0.39,0.183333333333334,-0.0133333333333336,1.17666666666667
1978-12-29,0.0133518960327201,0.00671006861044487,0.402799999999999,0,0.00397073195326136,7.62028412981754,0.0037702658848627,0.0153318299207535,0.00888825764607641,-4.76666666666667,0.000385254180462387,0.00110204124692803,0.526666666666667,-0.556666666666667,0.203333333333333,0.246666666666667,-1.01333333333333,-0.763333333333333,0.553333333333333,0.196666666666667,0.25
1979-03-30,0.0017962586370377,0.000744677689758462,-0.232700000000004,-0.0666666666666667,0.00302368992597657,7.41470629594679,0.000745499144818436,0.0073933530665767,0.0264949601814255,0.76666666666667,-0.00100588816310706,0.00196970310092048,0.0200000000000002,-0.78,0.0833333333333333,-0.04,-0.69,-0.966666666666667,-0.0166666666666669,0.0366666666666665,-0.276666666666667
1979-06-29,0.00106862712782529,-0.000981095906177565,-0.30113333333333,-0.0333333333333332,0.00233499667599446,7.51985088507397,-8.66003313004053e-05,0.00408724774496783,-0.0147293052355456,-0.866666666666669,-0.000932185881106366,0.00461066366613524,0.0666666666666664,-0.79,0.213333333333333,-0.326666666666667,-0.803333333333333,-1.06666666666667,-0.226666666666667,-0.0699999999999997,-0.263333333333333
1979-09-28,0.00740125767482702,-0.00272737628476823,-0.508733333333334,0.0666666666666667,0.000809156048955373,7.48982568311337,0.00408031332532236,0.0139512540215918,-0.00291209741703587,0.300000000000002,0.00375058668502544,-0.00579657464507625,0.38,-1.65666666666667,-0.553333333333333,-0.306666666666667,-1.27333333333333,-1.84333333333333,0.423333333333333,0.14,-0.57
1979-12-31,0.00249762866981662,0.00205051150690139,-0.0692666666666687,0.0333333333333332,0.00127072679155008,7.35604134457746,-0.00129443342683159,0.00297017604579312,-0.00571483452184474,-1.9,-0.00223578168512706,0.00408615790501562,0.783333333333333,-3.03333333333333,-1.76,-0.23,-1.73333333333333,-3.13,0.38,0.353333333333333,-1.39666666666667
1980-03-31,0.0031402549893933,0.000519159426213574,-0.313166666666665,0.0999999999999999,0.00118165694996897,7.12090498852823,-0.00284651352000109,-0.000845310797968087,0.00767841422392005,-1.5,0.000267360092299107,0.0102380695566258,1.13666666666667,-2.90333333333333,-1.56666666666667,-0.503333333333333,-1.69333333333333,-3.06,1.28,0.786666666666667,-1.36666666666667
1980-06-30,-0.0208199606809938,-0.0191888486427643,-1.92823333333333,0.433333333333333,-0.00328743564844499,6.95872962365113,-0.00434220108304428,0.000304902269283147,-0.0392744928485852,0.733333333333334,-0.000843820684456394,-0.0200956171644133,-2.57333333333333,-1.48333333333333,0.67,-1.50666666666667,-3.07,-2.21,-2.55333333333333,-0.99,0.86
1980-09-30,-0.00118917796493001,0.00407547686672786,0.157966666666667,-0.0333333333333332,0.000414092506789032,7.236432979308,0.00331842793747909,0.0112640295290281,0.05027373660816,5,-0.00120041724254201,3.54238728794698e-05,0.466666666666666,1.74,3.33,-0.186666666666667,-0.683333333333333,1.11666666666667,1.12,0.576666666666667,1.8
1980-12-31,0.0184774909188423,0.0119182460810334,0.802833333333335,-0.0999999999999999,0.00268646526145252,7.31648336285339,0.00555805398441533,0.0108034147215665,0.0124427383631041,-3.06666666666667,-2.75254610671756e-05,0.0121402969554844,2.67666666666667,-3.02333333333333,-1.18333333333333,-0.596666666666667,-2.24,-3.43,1.12,0.443333333333333,-1.19
1981-03-31,0.0194047977895284,-0.00182354325814445,-0.393066666666665,0.0666666666666667,0.000977201185168752,7.21549695325228,0.000222114021049732,0.0140924491444003,-0.00508790830080545,0.666666666666667,0.00243893251404851,0.0096805998484634,-1.4,-3.40666666666667,-1.32333333333333,-1.23333333333333,-2.18,-3.61,-0.39,0.0933333333333331,-1.43
1981-06-30,-0.0074382313096919,0.00206429145183466,-0.0756333333333335,0.0333333333333332,0.00102171216645885,7.06859856150585,0.00121047963967176,-0.0015749884280923,0.00884778024870118,2.2,-0.00216293327712721,0.0244624768950275,1.46666666666667,-3.79666666666667,-2.01,-1.63333333333333,-2.87333333333333,-4.03,0.383333333333333,0.116666666666667,-1.15666666666667
1981-09-30,0.011904116121773,0.0002877635680593,-0.251033333333334,0.0333333333333332,-4.7367375981248e-05,6.86945328037966,-0.000783752831599926,0.00644940363200774,-0.0121855602308181,0,-0.000357033231080865,0.00413780266622184,-1.07666666666667,-2.65666666666667,-1.1,-0.803333333333333,-2.52333333333333,-2.73,0.553333333333333,0.616666666666667,-0.206666666666667
1981-12-31,-0.0109554330779744,-0.00994738367420374,-1.14983333333333,0.3,-0.00212752679782469,6.77173474194666,-0.00037549073777754,-0.00364431640611211,-0.0337242694241464,-2.93333333333333,-1.54131890684657e-05,-0.00908247665171628,-1.16666666666667,1.03,3.09666666666667,-0.543333333333333,-1.83666666666667,0.5,-1.22333333333333,-0.533333333333333,2.33666666666667
1982-03-31,-0.0156573843894083,-0.00244234634456471,-0.259566666666667,0.166666666666667,-0.00169489709580321,6.77903704794712,0.00205149806310242,0.00201597708640004,0.0266228495004365,-0.766666666666666,-0.00135915920555204,0.0210026142573021,0.77,0.783333333333333,2.80666666666667,-0.42,-1.41333333333333,0.0666666666666667,0.366666666666667,0.0466666666666663,1.48
1982-06-30,0.00455161083873712,-0.00628990367241726,-0.392666666666666,0.2,-0.002103919559539,6.85272329463053,-0.0006115742102392,-0.000190746494763398,-0.0206872777923183,1.23333333333333,0.0026827777276095,0.0135689514194646,-0.176666666666666,-0.00333333333333332,2.26666666666667,-0.7,-2.09333333333333,-0.583333333333333,0.0400000000000003,0.146666666666667,1.51
1982-09-30,-0.0038303190571547,-0.0051143582513656,-0.390833333333333,0.166666666666667,-0.00253936858030516,7.01878306115835,0.00517133211768058,0.00873392675025701,-0.00133010485816776,1.2,-0.00235159704131682,0.00720073650193775,-1.28,2.74666666666667,5.24333333333333,0.143333333333333,-1.69,2.11,-1.07333333333333,-0.653333333333334,3.8
1982-12-31,0.000399382974784146,-0.00662709006217321,-0.550333333333337,0.233333333333334,-0.00154347279309282,7.15458974468805,0.0055454450919088,0.00903954260052527,0.0095335383000504,0.866666666666669,0.000981156966820329,-0.00592981558204198,-0.453333333333334,2.59,5.10333333333333,-0.486666666666667,-1.38,1.38,-0.646666666666667,-0.6,2.76
1983-03-31,0.0130923951016122,0.0068880098454421,0.695300000000003,-0.166666666666667,0.0011956915495824,7.39608913945781,0.00374949717286999,0.00745565566478431,0.00616622589488773,2.96666666666666,-0.00164220738150167,0.0024834478883203,-0.0599999999999999,3.19,5.18,-0.31,-0.546666666666667,1.91,0.043333333333333,-0.00999999999999979,2.45666666666667
1983-06-30,0.0225010659717633,0.00820143113696359,0.720866666666666,-0.066666666666667,0.00346529390435239,7.41136850418551,0.00720753153809343,0.0140594457609247,0.0324868222150053,3.8,0.000986684390821502,0.00642607532254432,0.0700000000000003,2.76666666666667,4.44666666666667,-0.183333333333333,-0.406666666666667,1.74,0.206666666666667,0.113333333333333,2.14666666666667
1983-09-30,0.0197934536690223,0.0137344924836137,0.982766666666668,-0.3,0.00450904625473747,7.49542695491704,0.00403056701779884,0.00325034613565833,0.0133307059760236,-0.766666666666666,0.000323097851208765,0.00709327476974527,0.156666666666666,2.88333333333333,4.06666666666667,-0.116666666666667,-0.32,2.16666666666667,0.166666666666667,0.266666666666667,2.48666666666667
1983-12-30,0.0206475396624981,0.0055840026599463,0.380299999999996,-0.3,0.00357178067926848,7.45521390965656,0.00704813751142478,0.0115306292930046,0.018049674456367,1.43333333333333,-9.59289204812326e-07,0.00303565634151208,0.00666666666666712,2.98,4.17666666666667,-0.223333333333333,-0.63,2.25666666666667,-0.0166666666666669,0.0599999999999999,2.88666666666667
1984-03-30,0.0193591004130838,0.00970351402872819,0.762066666666669,-0.166666666666667,0.00430544409990041,7.56250918046476,0.000446662420898895,0.00473259890030834,0.0263217909318746,2.26666666666667,0.000308049661382981,-0.0079725888755607,0.146666666666667,2.59666666666667,4.05666666666667,-0.236666666666667,-0.516666666666667,2.25666666666667,0.16,0.163333333333333,2.77333333333333
1984-06-29,0.0171303605849502,0.0047930996359633,0.175366666666667,-0.2,0.00372526601170975,7.50787447770428,0.00638758531835038,0.0130332132508138,-0.0275681408595112,-1.83333333333333,-0.00128700288581977,0.0137016845697913,0.383333333333333,2.65666666666667,4.14333333333333,0.0466666666666667,-0.76,2.64333333333333,0.496666666666667,0.413333333333333,3.40333333333333
1984-09-28,0.00959446187948387,0.00042045648319992,-0.126433333333334,0.0333333333333332,0.00303793880738882,7.42106961939615,0.00238475084042763,-0.00243601915497334,-0.00121325667787412,1.8,0,0.0190197459928164,0.0800000000000001,1.6,3.32,-0.253333333333333,-1.07,1.47666666666667,-0.166666666666667,-0.346666666666667,2.54666666666667
1984-12-31,0.00817506437977045,0.00118882702948723,0.0527333333333312,0,0.00265691670323479,7.39620404502955,0.00417896575941542,0.00650249002449025,0.00750300721931711,-2.66666666666667,0,0.00551414149616244,-0.973333333333333,3.08333333333333,4.34,-0.07,-0.463333333333333,2.47666666666667,-0.75,-0.34,2.94
1985-03-29,0.00964406911388593,0.00128040119508051,-0.191466666666666,-0.0333333333333332,0.00253954345504977,7.44597891776683,0.00389317093651235,0.00775260156970011,-0.000107444564302265,0.266666666666666,0,0.0184562030333118,0.0666666666666664,3.78,4.91666666666667,0.0133333333333333,-0.293333333333333,3.10666666666667,0.176666666666666,0.12,3.4
1985-06-28,0.00876612850822411,-0.000346947409958887,-0.252866666666667,0.0666666666666667,0.002116997421167,7.45261847772231,0.00292840450713442,0.00450026892371251,0.0181577674447997,0.933333333333332,-0.000954654590476167,-0.0160164663956476,-0.35,3.70666666666667,5.09666666666667,-0.0733333333333333,-0.463333333333333,2.89,-0.686666666666667,-0.566666666666666,3.35333333333333
1985-09-30,0.0151557813666621,0.000714124040849917,-0.134499999999998,-0.1,0.00199826006950055,7.43881850712144,0.0103187517964557,0.0145944298602435,-0.000451886851680072,-1.46666666666667,-0.00128571230054971,-0.0141155795020686,0.13,3.13,4.57,-0.196666666666667,-0.793333333333333,2.43666666666667,0.0900000000000001,0.0699999999999997,3.23
1985-12-31,0.00740578281411608,0.00332069213790446,0.0812999999999988,-0.0333333333333332,0.00191199279400086,7.50764488951299,-0.000675718710186383,-0.00406490171572808,-0.000181563661236339,0.600000000000004,0.0038164139563411,-0.02654490241361,0.116666666666667,2.47333333333333,3.87333333333333,-0.33,-0.936666666666667,1.65666666666667,-0.133333333333333,-0.37,2.59333333333333
1986-03-31,0.00929194295061464,-0.00300413020643623,-0.0146000000000015,0.0666666666666667,0.00109680860446796,7.54851997231013,0.000647591095180496,-0.00222686273527846,-0.00235974470742898,0.399999999999996,-0.00576492126526803,-0.0230813566043742,-0.263333333333333,1.74666666666667,3.19,-0.313333333333333,-0.93,0.73,-0.213333333333333,-0.493333333333333,1.66
1986-06-30,0.00449366198641599,-0.000315350796780282,-0.0178666666666629,0,0.000743773730302285,7.53774906851112,0.00330278188212259,0.00727722956628026,-0.00695499783838057,1.4,0.00516022020056924,-0.00887787660155019,-0.186666666666667,2.08333333333333,3.35333333333333,-0.276666666666667,-0.78,0.683333333333333,-0.0999999999999999,0.00666666666666652,1.46333333333333
1986-09-30,0.00952442716350177,0.00241951825014445,0.191800000000001,-0.0666666666666667,0.00260856191813967,7.47187399372298,0.0110056254510048,0.0235603450450051,0.0113856949861895,-2.46666666666666,-0.000322837365452836,-0.0150565661116187,-0.343333333333333,2.62333333333333,3.97333333333333,-0.23,-0.683333333333333,1.1,-0.32,-0.116666666666667,1.78333333333333
1986-12-31,0.00535549090620613,0.00584607485941232,0.299699999999997,-0.133333333333333,0.00191243587872059,7.44429498292097,0.00117684761034494,-0.00107487415777878,0.00507188550292644,-0.933333333333337,-4.38605147904762e-06,0.00210493725529481,0.34,2.41,3.82666666666667,-0.42,-0.913333333333333,0.996666666666667,0.0333333333333335,-0.113333333333333,1.91
1987-03-31,0.0074225806630146,0.00358180620688249,0.121,0,0.00216522887077749,7.47372244921762,-0.00179045434044249,-0.00377637709202065,0.00591320869554342,0.566666666666668,-0.00032499059824224,-0.022055341056272,-0.26,2.14666666666667,3.44,-0.203333333333333,-0.683333333333333,0.973333333333333,0.0533333333333334,0.0466666666666666,1.65666666666667
1987-06-30,0.0107306433211232,0.00600084605207159,0.2403,-0.133333333333333,0.00241632596265736,7.38519341824751,0.00316378358713913,0.00723384514091367,0.0102931475906587,0.233333333333334,0.000630085552061566,-0.00527197929647076,0.2,2.51666666666667,3.70666666666667,0.116666666666667,-0.993333333333333,1.69333333333333,0.256666666666667,0.383333333333333,2.68666666666667
1987-09-30,0.00863825120178952,0.00597930244151475,0.344966666666669,-0.0999999999999999,0.00243465909518884,7.39277586887947,0.00259052271608118,0.00393608720570171,-0.00235511140145957,0.699999999999998,-6.26547067798337e-06,-0.00315761641056334,0.163333333333333,2.91333333333333,4.06333333333333,0.0666666666666667,-0.8,2.03333333333333,0.29,0.34,2.83333333333333
1987-12-31,0.017024616270982,0.00801687837365783,0.601699999999999,-0.0666666666666667,0.00327668070780499,7.32651952283067,0.00272191252481798,0.004253717958323,0.0113437945291993,-2.26666666666667,-0.00157247696278192,-0.0255704785046772,-0.15,3.29666666666667,4.46333333333333,0.64,-1.05333333333333,2.20666666666667,-0.166666666666667,-0.143333333333333,3.26
1988-03-31,0.00515324088846469,0.00240040193805857,0.0237333333333349,0,0.00265194768958506,7.25898167931754,0.00603777298106885,0.00905844046927247,0.00660507143571643,2.6,0.00156893369056998,-0.00225265389068419,-0.0633333333333332,2.89333333333333,4.09,0.0266666666666667,-0.94,1.75333333333333,-0.153333333333333,-0.206666666666667,2.69333333333333
1988-06-30,0.0130534381374652,0.00223346229360525,0.197966666666664,-0.0999999999999999,0.00265949984520653,7.30610037755451,0.00187503514756034,0.00304346915546816,0.0135629910080558,0.0333333333333362,-7.875817608749e-06,0.00335773850130749,0.31,2.65333333333333,3.82333333333333,0.0233333333333333,-0.946666666666667,1.75333333333333,0.26,0.183333333333334,2.7
1988-09-30,0.00584218430241279,0.000698385997560891,0.0835000000000008,0,0.00216714195320359,7.30246345214863,0.00139778739202612,0.00176200326848885,0.00155056091169688,0.866666666666665,-0.00031935037457161,0.0147260742014641,0.226666666666667,1.98,3.09,0.1,-0.973333333333333,1.11666666666667,0.2,0.0200000000000002,2.09
1988-12-30,0.013237008491938,0.00375252631922685,0.269266666666667,-0.0333333333333335,0.00277112689347862,7.34677887385871,0.00536330518304358,0.0120915974625711,0.0318840735603126,-1.8,0.000602147823733468,-0.0204701216092262,0.19,1.04,2.04333333333333,0.2,-0.743333333333333,0.486666666666667,0.3,0.043333333333333,1.23
1989-03-31,0.0101146507554688,0.000367750121409808,-0.202699999999998,-0.0999999999999999,0.00224689572972991,7.30418174160054,-0.000321266950439103,-0.000156439180328742,-0.0203575039544355,0.799999999999997,-2.49149506611109e-05,0.0142332242947762,0.363333333333333,0.243333333333333,1.2,0.01,-0.903333333333333,-0.236666666666667,0.193333333333333,0.0833333333333333,0.666666666666667
1989-06-30,0.00760367521915306,-0.00194558927373064,-0.319433333333336,0.0999999999999999,0.00125513330271865,7.21181550778108,0.00223613310643437,0.00849239676225958,-0.00559500951181195,-1.23333333333333,-0.00118941547550596,0.0197126992260411,-0.106666666666667,-0.24,0.64,-0.263333333333333,-1.31666666666667,-0.953333333333333,-0.376666666666667,-0.36,0.363333333333333
1989-09-29,0.00738145980827909,-0.00109366857030639,-0.346833333333331,0,0.0010536247889578,7.20386675671867,0.00354937877537109,0.00651113462369383,-0.00160871745648924,1.73333333333333,0.00175901903361453,-0.00277225335533426,-0.17,-0.116666666666667,0.803333333333333,-0.433333333333333,-1.24,-0.976666666666667,-0.073333333333333,-0.03,0.263333333333333
1989-12-29,0.00196857083532365,0.00258044431032189,-0.215500000000001,0.0333333333333335,0.0014333639329962,7.19721461059977,0.00268967912572116,5.80442714988768e-05,0.0166829896066432,-1.76666666666667,0.000267329658512653,-0.0140114038931494,-0.19,0.276666666666667,1.2,-0.223333333333333,-0.96,-0.706666666666667,-0.166666666666667,-0.116666666666667,0.253333333333333
1990-03-30,0.0108686755399212,0.00290866441015118,0.2737,-0.0666666666666667,0.00246553058639816,7.25953001739825,0.00109187144854668,0.00896595081655545,0.00207179414933793,0.266666666666666,-0.00230991598556477,0.00427200330162947,-0.0566666666666666,0.943333333333333,1.84666666666667,-0.0766666666666667,-0.49,0.173333333333333,0.21,0.25,0.663333333333333
1990-06-29,0.00362254854538335,0.00138378868172466,-0.128733333333334,0,0.000643887823599106,7.10001627427297,0.00145435221881514,-0.000180411061508086,-0.0143104327606001,-1,0.000567134586875184,-0.00465276714608868,0.00333333333333326,1.15333333333333,2.06666666666667,-0.0133333333333333,-0.496666666666667,0.433333333333333,-0.0833333333333333,-0.0366666666666665,0.93
1990-09-28,0.000664903224492974,0.000832483323486954,-0.159966666666667,0.233333333333333,-0.00102716598885995,7.03144611393277,0.000621356564358836,0.00387789768327155,0.000495741572054934,-5.16666666666667,0.00388489053064115,-0.0221689793025988,-0.03,1.24333333333333,2.25666666666667,-0.216666666666667,-0.683333333333333,0.543333333333333,-0.113333333333333,0.136666666666667,1.22666666666667
1990-12-31,-0.0091456395698053,-0.00850485634181967,-0.827666666666663,0.133333333333333,-0.00107308659679362,6.94702757067675,-0.00338884365393947,-0.00248713092654995,-0.0130720955456815,-2.43333333333333,-0.00580378408036353,-0.00744863653496915,-0.296666666666667,1.55,2.85333333333333,0.153333333333333,-0.753333333333333,0.653333333333333,-0.236666666666667,-0.27,1.40666666666667
1991-03-29,-0.00468965510310859,-0.00549052820448489,-0.646666666666671,0.166666666666667,-0.0018125637877322,6.7932322450147,0.00293207657931394,-0.00023608643950368,-0.0287898645866432,7.4,0.000264146481020688,0.0118433696114651,-0.396666666666667,2.50666666666667,3.77666666666667,0.24,-0.403333333333333,1.59,-0.216666666666666,0.00999999999999979,1.99333333333333
1991-06-28,0.00776693945831397,0.00683054885366463,0.442800000000001,0.0333333333333335,-0.000737640222092513,6.91854148657308,-0.000201175971065245,0.00420706477953026,0.0114697689995082,-1.86666666666667,0.000822482806374462,0.0151851554102593,-0.0733333333333333,3.04666666666667,4.05666666666667,0.17,-0.303333333333333,2.26666666666667,-0.0133333333333333,0.0566666666666666,2.57
1991-09-30,0.0050406588150036,0.00378451786431159,0.348800000000002,0,6.15375148112681e-06,6.94902895940471,0.00127206871382057,-0.000445317895832057,0.0158975635521005,0.300000000000002,0.00109784591242246,-0.0115363997517986,-0.15,3.14333333333333,4.04,0.136666666666667,-0.266666666666667,2.29666666666667,-0.263333333333333,-0.21,2.56333333333333
1991-12-31,0.00347957826243395,-0.00238437030456643,-0.269500000000003,0.133333333333333,-2.46156875890099e-05,6.99112298325659,0.000800917799815911,-0.000699149598627713,-0.0132295947747873,-4.93333333333333,-0.000821591405232525,-0.0138771280606429,-0.34,3.63,4.58333333333333,0.163333333333333,-0.276666666666667,2.53,-0.396666666666667,-0.186666666666667,2.80666666666667
1992-03-31,0.011900483258799,0.00332422255199324,0.1758,0.0333333333333335,0.000113832319947586,7.12286071435712,0.00580936790126696,0.0055280424539473,0.0306366143168291,2.6,0.000544884923399399,0.0156061122098015,-0.15,4.25666666666667,5.18,0.136666666666667,-0.13,3.28,0.0833333333333333,0.15,3.41
1992-06-30,0.010784840018335,0.00377044151977272,0.188700000000002,0.133333333333333,0.00107487348221902,7.04899728067047,0.00289372199537249,0.00476259221192047,0.00771126531265409,1.46666666666667,0.00108092250473302,-0.0128711404150632,-0.0733333333333334,4.50666666666667,5.36,0.176666666666667,-0.09,3.60666666666667,-0.153333333333333,-0.0933333333333334,3.69666666666667
1992-09-30,0.00983257331272647,0.0022022918395083,-0.0562333333333337,-0.0666666666666667,0.000747295197394138,7.07591988650034,0.00410162284673691,0.00660374866246431,-0.00581153045281961,-1.6,-0.000543975657381068,-0.00824463503592347,-0.18,4.72333333333333,5.44666666666667,0.0966666666666667,-0.173333333333333,3.36,-0.33,-0.28,3.53333333333333
1992-12-31,0.0103747939377978,0.00410576067986342,0.0661000000000011,-0.0666666666666664,0.00163574047811643,7.11336356320983,0.00387887803217464,0.00721185486153194,0.0145057890376877,5.13333333333334,-0.000540896879445955,0.0232770360207451,-0.1,4.98666666666667,5.83333333333333,0.516666666666667,0.0333333333333333,3.70666666666667,0.176666666666667,0.116666666666667,3.67333333333333
1993-03-31,0.0016683983685617,0.00263364290602948,0.130033333333335,-0.133333333333333,0.00151564424555299,7.06141384139419,-0.000761773184727292,-0.00154212696393389,0.00179822881219434,-1.7,0.000532469109164602,0.000905343885783931,0.05,4.69333333333333,5.36333333333333,0.16,-0.08,3.24,-0.126666666666667,-0.263333333333333,3.32
1993-06-30,0.00580425719437017,0.000420746054366224,-0.0655000000000001,0,0.00228018689629828,7.14358693137319,0.00460173128658218,0.0111310727000014,0.00895085962663937,-1.46666666666667,-0.00212951384883819,-0.00736718368895891,-0.00999999999999993,4.40666666666667,5.14,0.176666666666667,-0.0333333333333333,2.99,0.07,-0.00666666666666682,3.02333333333333
1993-09-30,0.00476021803624604,0.00210544707202764,0.0443333333333319,-0.0999999999999999,0.00209724495493842,7.16895815372191,0.00388072286605201,0.0066978239505732,-0.00771461340165184,-1.2,0.00186618683522285,0.00192521503425228,0.0166666666666666,3.83333333333333,4.56333333333333,0.12,-0.0566666666666667,2.55666666666667,-0.0600000000000001,-0.2,2.61333333333333
1993-12-31,0.0135090954871018,0.0059560570376996,0.349766666666667,-0.0666666666666667,0.00258013521444115,7.26680491275316,0.00262002487776147,0.00837696052258726,0.0161893998372686,3.43333333333333,-0.000537634525154947,0.00990707466602133,-0.0433333333333333,3.85333333333333,4.56333333333333,0.35,0.07,2.61666666666667,0.0833333333333333,0.136666666666666,2.54666666666667
1994-03-31,0.00965635537063037,0.00465171853386082,0.220733333333333,0,0.00274286721472035,7.23384374736909,0.00361277220803539,0.00913690625311681,0.0073626501433169,1.1,0.000266560056854696,-0.00405402937595323,0.126666666666667,3.94666666666667,4.63333333333333,0.296666666666667,0.03,2.85333333333333,0.236666666666667,0.236666666666667,2.82333333333333
1994-06-30,0.0134600038724688,0.0057609546662265,0.231166666666667,-0.133333333333333,0.00291895658127217,7.29021708173142,0.00279651087548327,0.00268776036497502,0.0201639765520068,-0.099999999999999,-2.12992477284975e-07,-0.00604829096568752,0.303333333333333,4.00666666666667,4.65666666666667,0.456666666666667,0.0466666666666667,3.14333333333333,0.316666666666666,0.206666666666666,3.09666666666667
1994-09-30,0.00582834232829832,0.00369938347070627,0.172666666666667,-0.0666666666666664,0.00293121991132494,7.28225253835042,0.00246866160900527,0.00790530661224172,0.00097286824064291,0.099999999999999,-0.00105968341664801,-0.0112797452272799,0.16,3.68666666666667,4.35333333333333,0.383333333333333,-0.01,2.84666666666667,0.163333333333333,0.12,2.85666666666667
1994-12-30,0.0113900688304849,0.00819187986100604,0.471533333333331,-0.133333333333333,0.0026446476860175,7.29420232576432,0.00319510295915867,0.00491392125116027,0.0156685755858425,1.2,0.00211242526533795,0.00563592542597391,0.24,3.40333333333333,4.04,0.693333333333333,0.113333333333333,2.67,0.46,0.116666666666667,2.55666666666667
1995-03-31,0.00354067909353084,0.000609994240380255,-0.274466666666664,-0.0333333333333332,0.00212238423251421,7.18722189304174,0.00111914705679913,-0.000756538770624834,0.000871054962777507,-1.6,-0.000795391502387055,-0.0170771370398487,0.176666666666667,2.47,3.06666666666667,0.363333333333333,-0.0733333333333333,1.67333333333333,-0.236666666666667,-0.203333333333333,1.74666666666667
1995-06-30,0.00297861650489573,0.00214172901060768,-0.200133333333336,0.0666666666666664,0.00107888317431559,7.16021156042081,0.00451358550490344,0.00863147645781659,-0.00624346362577555,0.800000000000002,-0.000523697410680294,-0.00926734390240232,0.00666666666666652,1.64,2.21333333333333,0.02,-0.423333333333333,0.6,-0.263333333333333,-0.343333333333333,1.02333333333333
1995-09-29,0.00847067103386578,0.00428051929948214,0.00650000000000261,0,0.00166978150196033,7.2547678370976,0.00150159930774466,0.00243391480541829,0.0217639104052439,-1.26666666666667,0.000520833439297282,0.016945081815587,-0.0666666666666667,1.63666666666667,2.25666666666667,-0.0133333333333333,-0.43,0.526666666666667,-0.00666666666666652,0.0100000000000001,0.956666666666667
1995-12-29,0.00676741466199005,0.00148458453594547,-0.328466666666666,0,0.00125602581630761,7.25622060007655,0.00358378434051095,0.00541931654933473,0.00639780883631621,0.699999999999998,0.00102955695261286,0.000968810861060672,-0.0666666666666667,1.26666666666667,1.92,0.0133333333333333,-0.46,0.173333333333333,-0.103333333333333,-0.163333333333333,0.633333333333333
1996-03-29,0.00746180465262469,0.0024452656631393,-0.282566666666668,-0.0333333333333332,0.00189061648313367,7.28646739495988,0.00265112744260865,0.00548693715542588,0.00344653824718459,0.900000000000001,0.00049932142153993,0.00514781819566116,-0.0966666666666667,1.68666666666667,2.34666666666667,-0.0766666666666667,-0.433333333333333,0.546666666666667,0.0100000000000001,0.186666666666667,0.98
1996-06-28,0.0165412751322478,0.00831027474781395,0.358733333333333,-0.0666666666666667,0.00216673991212879,7.31022961628503,0.00205436970175092,0.00337554449612239,-0.000762598628406034,-0.433333333333332,-0.00103267568248455,0.00449868371123596,-0.0133333333333333,2.36666666666667,3.05333333333333,0.18,-0.223333333333333,1.47666666666667,0.156666666666667,0.213333333333334,1.7
1996-09-30,0.00893011690703638,0.00383814360213316,0.0190000000000007,-0.0333333333333332,0.00177923277193178,7.31376891329891,0.00226674514749151,0.00488227464772706,0.0017028224438261,0.766666666666666,-0.000763839511625915,-0.000860385215841456,0.0100000000000001,2.28333333333333,2.98666666666667,0.183333333333333,-0.21,1.47333333333333,0.00666666666666682,-0.0266666666666667,1.68333333333333
1996-12-31,0.0103304333488392,0.00491725482144704,-0.00773333333333426,0.0666666666666667,0.0020230266923497,7.25564096413351,0.00313865455274017,0.00413228120385808,-0.0063256864644868,0.733333333333334,0.000751576811634772,0.00346448262728375,-0.00333333333333326,1.95,2.63666666666667,0.17,-0.303333333333333,1.06333333333333,-0.12,-0.176666666666667,1.36666666666667
1997-03-31,0.00643485958051215,0.00654081990352514,0.212933333333334,-0.0666666666666667,0.00232246939315672,7.26651158826224,0.00316956404591373,0.00620343150466714,0.010581872734134,1.03333333333333,-0.00125606129310777,0.0185385638428646,0.0333333333333332,2.15,2.79333333333333,0.0633333333333333,-0.216666666666667,1.28666666666667,0.11,0.13,1.50333333333333
1997-06-30,0.0164831838886634,0.00360455199941612,-0.155733333333335,-0.0666666666666667,0.00224398052293454,7.29695715476712,0.00183051714376129,-0.000153318387493921,0.0141377981430229,1.5,-0.000256068907556066,-0.00366377742980302,0.0566666666666666,2.05,2.66333333333333,0.0633333333333333,-0.476666666666667,1.17333333333333,-0.0366666666666665,-0.0666666666666667,1.65
1997-09-30,0.0124302095819697,0.00929356830170332,0.256500000000003,-0.0333333333333332,0.00208605423540398,7.28359938045038,0.00518655454229193,0.0062159105188222,0.00568450688038347,0.5,0.00101432771659156,0.00918778776551517,-0.00666666666666652,1.63666666666667,2.22333333333333,-0.0266666666666667,-0.486666666666667,0.71,-0.0566666666666669,-0.0933333333333334,1.19666666666667
1997-12-31,0.00855077334124132,0.00692931101045631,0.0615,-0.0666666666666667,0.00259001144541375,7.33420347340001,0.00495713760141007,0.00125534735751209,-0.00770785612228231,-1.3,-0.00101394189380422,0.00764837274428487,-0.0133333333333333,1.37,1.93,0.123333333333333,-0.416666666666667,0.4,0.00333333333333356,-0.133333333333333,0.816666666666667
1998-03-31,0.0099441466859016,0.00211412732076847,-0.408966666666667,0,0.00164188820348639,7.35145883459063,0.00334570915076338,0.00273121993959435,0.00592429051409719,1.46666666666667,0.0002516409203747,0.00228660761890935,-0.00333333333333326,1.14666666666667,1.73333333333333,-0.06,-0.466666666666667,0.0666666666666667,-0.0466666666666669,-0.0533333333333331,0.533333333333333
1998-06-30,0.00921561058562759,0.00129509207330554,-0.505633333333336,-0.0666666666666667,0.00242000744520136,7.35984523340179,0.00638093781448775,0.00831586411598728,-0.00897091551113623,-0.300000000000002,-1.95730204488598e-07,0.00853421075670665,0.0233333333333331,1.13666666666667,1.75333333333333,-0.00666666666666667,-0.523333333333333,0.0966666666666667,0.00666666666666682,-0.0500000000000001,0.62
1998-09-30,0.0124498238496944,0.00517812561195097,0.0091666666666678,0.0333333333333332,0.0017825072405131,7.39670745467626,0.00419792012832539,-0.000587757898366921,0.0174110328419535,-1.56666666666666,0.000255525756731897,-0.0061523165643725,-0.0166666666666666,0.956666666666667,1.59333333333333,-0.0933333333333333,-0.71,-0.33,-0.233333333333333,-0.23,0.38
1998-12-31,0.0160326937667303,0.00354383438716403,0.00476666666666385,-0.0666666666666664,0.00221220033914745,7.4509429448285,0.0047363810419873,0.0109682526564239,-0.00555435634108292,-0.133333333333335,0.0012717807618842,-0.0110823563720777,-0.276666666666667,1.47333333333333,2.39,0.233333333333333,-0.606666666666667,-0.19,-0.0633333333333335,-0.0533333333333331,0.416666666666667
1999-03-31,0.00939400399931678,0.00397725938855142,-0.0976666666666641,-0.0666666666666667,0.00164436942637221,7.443685037041,0.00288787449020234,0.00554722504556437,0.0115035297163963,1.73333333333333,-0.000510455725940477,0.00906378035489919,0.0433333333333333,1.68666666666667,2.67,0.09,-0.326666666666667,0.25,0.0866666666666669,0.193333333333333,0.576666666666667
1999-06-30,0.00831533189937339,0.00256282936891713,-0.116233333333336,0.0333333333333332,0.00223331940637372,7.36145135846115,0.00492508914694145,0.00629913868022018,-0.0038100424154018,0.533333333333331,-0.000509467575277848,0.00346960040717074,-0.0166666666666666,2.18666666666667,2.99333333333333,0.143333333333333,-0.293333333333333,0.793333333333333,0.106666666666666,0.223333333333333,1.08666666666667
1999-09-30,0.0131435145985215,0.00192668615771593,-0.175766666666666,-0.0333333333333332,0.00175899185258406,7.40889857248754,0.00397136817320802,0.00757048287345026,0.0113425030067068,-0.0333333333333314,0.00223571627319726,-0.0104829474275299,0.153333333333333,2.23333333333333,3.00666666666667,0.153333333333333,-0.443333333333333,0.79,0.0500000000000001,0.00666666666666652,1.23333333333333
1999-12-31,0.016294313737486,0.00863396976222456,0.4295,-0.0666666666666667,0.0025587614387342,7.41104751151895,0.00633365072703877,0.0107267310290583,0.0128658372369153,-0.599999999999999,-0.00174710693547849,0.00129576910705698,0.0266666666666667,2.18,2.93333333333333,0.596666666666667,-0.263333333333333,0.833333333333333,0.196666666666667,0.12,1.09666666666667
2000-03-31,0.00363784860893723,0.00227470445712955,-0.0798999999999997,0,0.00209375815445216,7.41339335727675,0.00394966169306373,0.00651820435098216,-0.00723199887863224,0.566666666666663,0.000963321747360505,0.00838606833498841,0.183333333333333,2.03666666666667,2.65333333333333,0.236666666666667,-0.156666666666667,0.803333333333333,0.126666666666667,-0.00666666666666682,0.96
2000-06-30,0.0180420883423817,0.00329096170329753,-0.106900000000001,0,0.00117577125362385,7.36922957014175,0.00185737182782623,-0.00215088221275354,0.0447651856447546,-0.23333333333333,0.000961922983295338,0.00407107643860124,0.226666666666667,1.49333333333333,2.32,0.163333333333333,-0.56,-0.0966666666666667,-0.0166666666666666,-0.0533333333333334,0.463333333333333
2000-09-29,0.000997243869592879,-0.000133873039823188,-0.342666666666664,-0.0333333333333334,0.000736219511075239,7.31543581165558,0.00468472979803606,0.00499250065680338,-0.0314718172495141,0.133333333333331,-1.73287518953439e-05,0.0134883196561401,-0.00333333333333356,1.08666666666667,1.8,-0.02,-0.503333333333333,-0.626666666666667,-0.0133333333333333,-0.0999999999999999,-0.123333333333333
2000-12-29,0.00592602393535202,-0.00220142690466307,-0.632,0,0.000895388535662178,7.34211645129798,0.00162088110655567,-0.00211685290562791,-0.019370392920776,-2.8,-0.00193587805270804,0.00192487811239979,-0.0399999999999997,0.93,1.74,-0.0166666666666667,-0.456666666666667,-0.906666666666667,-0.176666666666667,-0.186666666666667,-0.45
2001-03-30,-0.00324747738350162,-0.00500510502147626,-0.631066666666669,0.133333333333333,9.54332676842048e-05,7.380837099402,-3.7605530560055e-05,0.000795546766487594,-0.0115955909310882,-2.3,-0.0023609244267222,0.00857582626969489,-0.363333333333334,1.48333333333333,2.28666666666667,-0.423333333333333,-0.776666666666667,-0.543333333333333,-0.433333333333333,-0.116666666666667,0.233333333333333
2001-06-29,0.0061946655278291,-0.00486808009795355,-0.611233333333331,0.0666666666666667,-0.0011268494944261,7.3962709584288,0.00141355344714829,0.00473024956798085,-0.0108945743972265,0.366666666666665,0.000475122703025299,0.00687211475512643,-0.446666666666666,2.89666666666667,3.71,-0.286666666666667,-0.666666666666667,0.943333333333333,-0.24,0.13,1.61
2001-09-28,-0.00401152558089279,-0.00412019061983848,-0.474666666666669,0.166666666666667,-0.00133298166806384,7.37707315938882,-0.00168109297584292,-0.00517185141635087,-0.0239515033224388,-3.6,0.00259173885597264,-0.00861110856600492,-0.3,3.61,4.45333333333333,-0.196666666666667,-0.326666666666667,1.48333333333333,-0.253333333333333,-0.183333333333333,1.81
2001-12-31,0.00276930551633292,-0.00315039958443878,-0.252266666666666,0.233333333333333,-0.00200188610967977,7.35870067464878,0.00690765931340416,0.00907659955721248,0.00239001874885325,2.33333333333333,-0.00262398868010886,0.0087119322471881,-0.416666666666667,4.79,5.79,-0.1,-0.226666666666667,2.63666666666667,-0.2,0.12,2.86333333333333
2002-03-29,0.00824816234820069,0.00478146618223748,0.247533333333337,0,-0.000675076049394837,7.45080043509151,0.00178932962296733,0.000653794062643579,0.00510079780200042,2.3,0.00313233446189572,0.0041752018687052,-0.03,4.89,6.22333333333333,0.0633333333333333,-0.0133333333333333,3.34333333333333,0.116666666666667,0.0633333333333335,3.35666666666667
2002-06-28,0.00613615976345727,0.00571526467607638,0.40473333333333,0.0333333333333332,-8.41618820010363e-05,7.43213982128951,0.00160141427295398,0.00362706520300371,-0.00355973671621435,-1.1,-0.000964786008788169,-0.0205460957558623,0.00666666666666667,4.96333333333333,6.27333333333333,0.0533333333333333,-0.0366666666666667,3.35,-0.123333333333333,-0.116666666666667,3.38666666666667
2002-09-30,0.00402716710607898,-5.39051237996209e-05,0.00966666666666545,-0.0333333333333332,-0.000467101939099971,7.4358306938014,0.00113744339671662,0.00120184505535074,0.00153796516842182,-2.1,0.000237471896799531,-0.00298184497442596,0,4.61,5.88666666666667,-0.00333333333333333,-0.0966666666666667,2.52,-0.16,-0.353333333333333,2.61666666666667
2002-12-31,0.00130570486686032,-0.000939053103513684,-0.104166666666667,0.0999999999999999,-7.40817380068629e-05,7.4550848503747,0.00448344557753118,0.00633880003513513,-0.00579619602169679,0.200000000000003,-0.0019145256419737,-0.00644263763046974,-0.17,4.83666666666667,6.15666666666667,0.0233333333333333,-0.11,2.56333333333333,-0.09,0.0533333333333334,2.67333333333333
2003-03-31,0.00515392753793797,0.0021394007768943,0.1815,-0.0333333333333332,-0.000613723016135973,7.45794823551026,0.00078848373184955,0.00268578199556539,0.0164277294124749,-3.03333333333334,0.00373797714653268,-0.0150200931997221,0.00333333333333334,4.75333333333333,5.87,-0.00666666666666667,-0.0933333333333333,2.67,-0.07,-0.0733333333333334,2.76333333333333
2003-06-30,0.00889410791102918,-0.00177257245557468,-0.0588999999999989,0.133333333333333,-9.72765143002855e-05,7.46810319795495,0.00442140817740899,0.00369273509621001,0.00243335416603567,4.03333333333334,-0.00114894492547209,-0.0209397920187217,-0.01,4.06333333333333,5.22666666666667,-0.0966666666666667,-0.206666666666667,2.37333333333333,-0.0766666666666667,-0.16,2.58
2003-09-30,0.01653156033926,0.00328377827346404,0.199166666666666,-0.0666666666666667,0.000153581523788304,7.54388862433912,0.00346741327551806,0.00694369782527993,0.00981150549873355,-0.666666666666667,-0.00117881127525739,0.00487678454242809,-0.07,4.68,5.79,0.0333333333333333,-0.0866666666666667,3.21666666666667,0.0766666666666667,0.313333333333333,3.30333333333333
2003-12-31,0.0114743741329395,0.00277626334047791,0.243700000000004,-0.133333333333333,0.000853646224003413,7.61827771643433,0.00288531768411845,0.00160215958274771,0.00522493853123862,1.63333333333333,0.000455447891485328,-0.0231024393692154,-0.01,4.66,5.66666666666667,0.0733333333333333,-0.08,3.29,0.0233333333333334,0,3.37
2004-03-31,0.00571281561100534,0.00121852420047031,0.183899999999999,0.0333333333333332,0.00141112552980734,7.55868677283719,0.00365378109700091,0.0101505101122103,0.0167533507919237,1.06666666666667,-0.000237374141452307,0.000945080589707104,0.00666666666666667,4.45333333333333,5.27,0.03,-0.0866666666666667,3.01666666666667,-0.04,-0.146666666666667,3.10333333333333
2004-06-30,0.00775722238161336,0.00117469050070973,0.112133333333333,-0.0666666666666667,0.00165060142932501,7.56824537812615,-0.000236244484816517,-0.00206161207076268,-0.00925933816236046,-0.0666666666666676,-0.000913242580373582,0.0040816476873351,0.01,4.91666666666667,5.65333333333333,0.193333333333333,0.0666666666666667,3.59,0.31,0.3,3.52333333333333
2004-09-30,0.00936845094695116,0.0031072145653089,0.324766666666666,-0.0666666666666664,0.000757903360400528,7.58899009261444,0.00629437519160743,0.0100196172535831,0.00499718871643573,-0.466666666666664,0.00044833003844443,-0.00501592100941976,0.193333333333333,4.21,5.01666666666667,0.223333333333333,0.0533333333333333,2.87,0,-0.2,2.81666666666667
2004-12-31,0.0101683998364983,0.00634060757195728,0.365433333333333,0,0.00133727896129621,7.58114873671158,0.00356052026675021,0.00741907681520656,0.00895988383315268,0.966666666666664,-0.00198594945907704,-0.0245160797591601,0.183333333333333,3.53666666666667,4.23666666666667,0.233333333333333,0.0566666666666667,2.22333333333333,0.183333333333333,0.0333333333333335,2.16666666666667
2005-03-31,0.011047575271137,0.00321944186573031,0.151033333333335,-0.0666666666666667,0.00133443878523565,7.63343264123099,0.00130748090073407,0.0017101118723956,-0.0122234573576817,-1.5,0.00371343219395381,0.00315388682402536,0.156666666666667,2.85,3.49666666666667,0.256666666666667,0.0666666666666667,1.82666666666667,0.21,0.0899999999999999,1.76
2005-06-30,0.00485424385521505,0.00233819022168399,0.0682999999999983,-0.0666666666666667,0.00196183240822497,7.62620293201981,0.00461984010561611,0.0102500429922774,0.0393975347763842,1.13333333333334,-0.0021758127733212,0.0161732156921186,0.136666666666667,2.20333333333333,3.03,0.213333333333333,-0.08,1.21666666666667,0.02,-0.166666666666667,1.29666666666667
2005-09-30,0.00782552039065365,-0.00637435470012656,-0.387533333333333,0,0.00154930485835673,7.64951378403749,-0.00040742241311668,-4.07003957162052e-05,-0.00969915880803877,-6.36666666666666,0.00528943712853488,-0.00477714538568256,0.193333333333333,1.63333333333333,2.52,0.196666666666667,-0.1,0.753333333333333,0.163333333333333,0.0666666666666667,0.853333333333333
2005-12-30,0.005663216060805,0.00929856835417079,0.470666666666664,-0.0333333333333332,0.00144102950145708,7.6342034179319,0.00317702502651418,0.00332583470618175,0.0274375956495276,4.86666666666666,-0.00340441796741982,0.00782020155644503,0.18,1.4,2.35666666666667,0.236666666666667,-0.153333333333333,0.51,0.166666666666667,0.0899999999999999,0.663333333333333
2006-03-31,0.0133965256975372,0.00128962068316844,0.00436666666666952,-0.0666666666666667,0.00220751358683084,7.65761215358666,0.00311845685279177,0.00783267675088162,0.00845326458280423,-0.866666666666665,-0.000627156033235229,-0.00260970464285807,0.143333333333333,0.933333333333333,1.85,0.176666666666667,-0.0633333333333333,0.113333333333333,0.14,0.0833333333333333,0.176666666666667
2006-06-30,0.00245282666523572,0.00208122832864384,-0.0263666666666656,-0.0333333333333335,0.000680442180879481,7.52508905558239,0.00133319252329963,0.00206855461857932,-0.00887339569220617,-1.33333333333333,0.000398454979849324,-0.0141755058627586,0.133333333333333,0.986666666666667,1.83,0.173333333333333,-0.203333333333333,0.163333333333333,0.13,0.13,0.366666666666667
2006-09-29,0.00150343116188267,0.000685723848896499,-0.0286666666666709,-0.0333333333333332,0.00126418082372363,7.43950830098108,0.00283044463515569,0.0010062690155929,0.0197182273774027,0.166666666666667,-0.00558644947685287,-5.38559292924864e-05,0.0866666666666666,0.433333333333333,1.34666666666667,0.0566666666666667,-0.34,-0.35,-0.0633333333333335,-0.13,-0.01
2006-12-29,0.0084017234324758,0.00280236449461076,0.0963333333333338,-0.0333333333333332,0.000987503701767404,7.35798584522223,0.00348451734833303,0.00439936222221841,-0.00784326242902308,2.1,0.00621395635215786,-0.00264478475038121,-0.00333333333333326,0.14,1.03333333333333,-0.00666666666666667,-0.343333333333333,-0.616666666666667,-0.00999999999999979,-0.0533333333333334,-0.273333333333333
2007-03-30,0.00293168700921065,0.00256064630201476,-0.0142999999999963,0,0.00131858821411335,7.28677145482721,0.000948148787427291,0.00312681298778668,0.000411245508300813,-1.1,0.000572169640650285,0.00138878888329952,0.00666666666666652,0.106666666666667,1.04,-0.0266666666666667,-0.273333333333333,-0.576666666666667,-0.00666666666666682,0,-0.303333333333333
2007-06-29,0.00636405169679932,0.0026838601438645,0.0340666666666654,0.0666666666666664,0.000667000389305746,7.27978492732083,0.000823951316230994,0.000903018590870867,-0.000956964899102057,-1.03333333333334,-0.0026552518694493,-0.0103114175299866,-0.00333333333333326,0.326666666666667,1.24333333333333,-0.0133333333333333,-0.513333333333333,-0.403333333333333,0.0133333333333333,0.18,0.11
2007-09-28,0.0060050004151897,0.00117588735287999,-0.170633333333332,0.0333333333333335,6.2764637623521e-05,7.15985384622214,0.00269744593580423,0.00424194087662736,-0.00350656187576111,-0.633333333333331,0.00299672380957775,-0.0125121045754601,-0.103333333333333,0.68,1.55666666666667,0.173333333333333,-0.77,-0.343333333333333,-0.273333333333333,-0.193333333333333,0.426666666666667
2007-12-31,0.00607793192018669,0.000846263898506431,0.0152666666666666,0.0999999999999999,0.000716127977650416,7.05789916283143,0.000750014938269613,0.0012750400221749,0.0254521401274204,-2.63333333333334,-0.00455366333920063,-0.00974802324067999,-0.233333333333333,1.03333333333333,2.01333333333333,0.31,-1.10666666666667,-0.236666666666667,-0.293333333333333,-0.14,0.87
2008-03-31,-0.00408261729138992,-0.00284797720438175,-0.361933333333335,0.0333333333333332,-0.000281927387978461,6.96898167391542,-0.000381677462387486,-0.0013859106166502,-0.0133194995663537,-2,0.00421908296800281,-0.014927657513734,-0.543333333333333,2.28,3.57333333333333,-0.0333333333333333,-1.13333333333333,0.486666666666667,-0.573333333333333,-0.196666666666667,1.62
2008-06-30,0.00570663956042594,-0.00497540670025742,-0.515933333333332,0.166666666666667,-0.0014204875788284,6.91792807701985,0.000546591916379846,0.00330132614854447,-0.00805273327805089,-4.36666666666667,0.00232817162837495,0.00455221771829114,-0.203333333333333,3.51333333333333,4.90333333333333,0.59,-0.46,1.8,0.293333333333333,0.196666666666667,2.26
2008-09-30,-0.00528285878015566,-0.0214590905652751,-1.32546666666667,0.166666666666667,-0.00226887141333935,6.75836202311904,-0.00387289920270876,-0.00872512083809814,-0.0210295133780919,4.63333333333333,-0.00391146571860131,0.0196380531904126,-0.0633333333333333,3.71333333333333,5.26666666666667,0.856666666666667,-0.446666666666667,1.92333333333333,-0.17,-0.136666666666667,2.37
2008-12-31,-0.0220727930842539,-0.0109036575290838,-1.44146666666667,0.4,-0.00469830158761771,6.48780723200783,-0.00250444162233846,-0.03307137597517,-0.0711966026273784,-3.4,-0.00750666558541013,0.0255030540376853,-0.55,5.31,8.33333333333333,1.43333333333333,-0.21,2.74666666666667,-0.473333333333333,-0.423333333333333,2.95666666666667
2009-03-31,-0.0117257034547364,-0.0158609336134701,-1.06566666666666,0.466666666666667,-0.00580275559274253,6.26181142270382,-0.00123822644756011,-0.0023611113299354,-0.0574568664908875,-0.933333333333335,0.0032832804320068,0.0126302440744048,0.00666666666666666,5.09,8.03,0.613333333333333,0.03,2.55333333333333,0.05,0.133333333333333,2.52333333333333
2009-06-30,-0.00169381508181488,-0.00708125068310691,-0.342466666666669,0.266666666666667,-0.00380493910811097,6.27759723976054,-0.000101928738547308,0.0100919156621367,0.00161351483368577,4.5,0.00914913029043844,-0.0295334161826997,0.01,5.33333333333333,7.80333333333333,0.223333333333333,-0.00666666666666667,3.13333333333333,-0.0433333333333333,0.3,3.14
2009-09-30,0.00361276600247251,0.0101565446378734,0.858033333333336,0.1,-0.00194959190850064,6.37727031872384,0.0010038688097597,-0.00135222304477622,0.0240658138848679,0.900000000000001,-0.00697294456386495,-0.0130357019052931,-0.02,5.11,6.50333333333333,0.126666666666667,5.78805847290439e-19,3.36,-0.0366666666666667,-0.106666666666667,3.36
2009-12-31,0.0106229951561794,0.00331914815147064,0.301033333333332,0.0333333333333332,-0.00116908808001644,6.34062451457024,0.00187675786068819,0.00736735809609357,0.005188017454507,-0.333333333333333,0.00171002619741737,-0.00367169091522553,-0.01,5.08,6.20666666666667,0.0833333333333333,-0.0633333333333333,3.34,-0.01,0.0633333333333333,3.40333333333333
2010-03-31,0.00498807366494702,0.0072741430985479,0.607466666666667,0,0.000233632572295287,6.42625589647403,0.002223017777359,0.00790670533374419,0.0421336660113359,0.366666666666665,0.0013009995783797,0.00906873063536947,0.0133333333333333,5.16,6.15333333333333,0.0733333333333333,-0.0266666666666667,3.58333333333333,0.01,0.0466666666666667,3.61
2010-06-30,0.00963052367402817,0.00650237607662844,0.609533333333331,-0.166666666666667,0.00161808886934208,6.39488521321455,0.00231832194463847,-0.000579921499148502,0.00637840105232534,0.800000000000002,-0.00336324033321548,0.0164045363493335,0.00666666666666666,4.85,5.98333333333333,0.206666666666667,-0.0466666666666667,3.29666666666667,-0.0266666666666667,-0.176666666666667,3.34333333333333
2010-09-30,0.00770170707084716,0.00331006911441397,0.282566666666668,0.0333333333333332,-0.000393557962621453,6.36158663107433,0.00203247437475825,0.00532987252728212,0.0279920868247695,-2.6,0.0022321699663852,-0.0172650506530614,0.00333333333333334,4.39333333333333,5.59,0.11,-0.03,2.6,-0.02,-0.183333333333333,2.63
2010-12-31,0.00518249921437963,0.00258700598466562,0.269533333333333,-0.0666666666666664,0.001186926696039,6.29587022850206,0.00213561316832707,0.00884853860342124,-0.0143005291273817,2.1,0.00179887857172586,-0.00535597463382824,-0.00333333333333334,4.67,5.72666666666667,0.07,-0.05,2.67666666666667,0.00999999999999999,0.213333333333333,2.72666666666667
2011-03-31,-0.00241206737803523,0.0013328122153767,0.277933333333332,-0.1,0.00118525425962979,6.36356411637005,0.00142970131125875,0.0084234210908137,0.0316929823407938,-2.33333333333333,-0.000430265353891753,-0.0137860796535566,-0.0133333333333333,4.97333333333333,5.93333333333333,0.09,-0.03,3.30333333333333,-0.00999999999999999,0.04,3.33333333333333
2011-06-30,0.00675762325733231,0.000212642903237636,-0.0792666666666643,0.0333333333333332,0.00164877039533569,6.35235349141205,-6.76139379388966e-06,0.00398925452452718,-0.0179756675331403,1.33333333333333,-0.00370164450453103,-0.00587225109818708,-0.0166666666666667,4.94333333333333,5.75666666666667,0.0966666666666667,-0.0466666666666667,3.11666666666667,-0.0266666666666667,-0.136666666666667,3.16333333333333
2011-09-30,-0.000387746790645238,0.00352807835973283,0.302866666666664,-0.0333333333333332,0.00105689269022887,6.42771024296966,0.000925035620075398,0.00377953889772797,0.00518324961740942,-4,0.00417286017891054,0.00834571808163324,-0.00333333333333333,4.38,5.38,0.116666666666667,-0.06,2.34333333333333,-0.0266666666666667,-0.34,2.40333333333333
2011-12-30,0.0111543402329755,0.00390057539456616,0.184600000000003,-0.166666666666667,0.00135216493810712,6.50753444915913,0.000188742842926359,0.00350742170891335,0.0297260201089304,3.46666666666667,-0.00329795847386016,0.00954886100607677,-0.00333333333333333,3.85333333333333,5.18,0.136666666666667,-0.06,1.97333333333333,0.00666666666666666,0,2.03333333333333
2012-03-30,0.00814595984653721,0.00126813936751446,0.0873666666666632,-0.1,0.00214015716233421,6.5613664746272,0.00286182387165497,0.00844903660547717,-0.00616988445822209,2.1,0.000689424139240261,-0.00190939159070721,0.02,3.79333333333333,5.09666666666667,0.12,-0.0366666666666667,1.93333333333333,0.0233333333333333,0.0633333333333333,1.97
2012-06-29,0.00454824092189554,0.00304526886062195,0.0159333333333365,0,0.000634899485712381,6.60529085831035,-1.67036652888678e-05,-0.00508092244386423,-0.00513499766923727,-1,-0.00172892602117673,0.00967610240426353,0.01,3.64666666666667,4.94,0.05,-0.0666666666666667,1.67,0,-0.183333333333333,1.73666666666667
2012-09-28,0.0017473023537633,-0.000781424782962799,-0.217700000000003,-0.133333333333333,0.00126866056379763,6.65791441628608,0.00123381592967468,0.00829693914488239,0.00115188972836518,1.7,0.00445278968944477,-0.0112430562844278,-0.00666666666666666,3.31333333333333,4.73,0.0566666666666667,-0.04,1.5,-0.00333333333333334,0.0333333333333333,1.54
2012-12-31,0.00109777789593579,0.00335209351122856,0.211100000000002,0.0333333333333335,0.00136998350540433,6.80914009795182,0.00156403608275409,0.00284074144270718,0.0231787340389994,-1.8,-0.00374951848351982,0.00214747543581358,0.00666666666666666,3.38,4.41333333333333,0.03,-0.0733333333333333,1.54666666666667,-0.00666666666666666,0,1.62
2013-03-29,0.0086404589661413,0.00286408493054295,-0.0315666666666677,-0.133333333333333,0.00149706748116844,6.85856393449773,0.0011806094954645,0.00410314921844979,-0.0229377869992546,1.9,-0.00117877249501822,0.013745470241104,-0.00666666666666666,3.73333333333333,4.66666666666667,0.0233333333333333,-0.0566666666666667,1.80666666666667,-0.00333333333333334,0.08,1.86333333333333
2013-06-28,0.00139288168741025,0.000493612549949655,0.00853333333333239,0,0.00145613092557539,6.76494233915512,0.000791343082412688,0.00132556806497715,0.0430891257909956,1.83333333333333,0.0020307226444715,-0.000387128073119728,-0.0166666666666667,3.84666666666667,4.72,0.03,-0.0666666666666667,1.88,-0.00333333333333333,0.113333333333333,1.94666666666667
2013-09-30,0.00788536275644525,0.00284482946646314,0.0483000000000023,-0.0999999999999999,0.00132069449330411,6.78208857640436,0.0017376462270402,0.00168508256217059,-0.0114232641921141,-2.2,-0.00101703711921175,-0.00117841804468425,-0.00333333333333333,4.42333333333333,5.32,0.04,-0.05,2.62666666666667,-0.00666666666666667,0.17,2.67666666666667
2013-12-31,0.00708654106502848,0.00102782901338857,-0.00450000000000254,-0.166666666666667,0.00135673520928551,6.91420415931457,0.00245141146413808,0.0043691605953402,-0.00284698441802907,1.66666666666667,0.00219458287108202,0.000762248181619481,0.00333333333333333,4.50666666666667,5.27,0.04,-0.0233333333333333,2.66,0.00333333333333334,0.03,2.68333333333333
2014-03-31,-0.00350724054928797,0.0046581413412025,0.214633333333334,0,0.00144064009396002,6.83879799354503,0.00242705755097165,0.00492064612180165,-0.0021598073300743,-0.833333333333333,-0.000349976749373167,0.00196636487866334,-0.00333333333333333,4.36666666666667,5.04333333333333,0.05,-0.0266666666666667,2.69,0,-0.0599999999999999,2.71666666666667
2014-06-30,0.0127595388277904,0.0025903350183573,0.186666666666667,-0.2,0.0020929363147637,6.8930434149931,0.00244797566917635,0.00474353084430016,0.0064934477386025,0.833333333333333,-0.00016934920293051,-0.00117257510011282,0.00666666666666667,4.12333333333333,4.72666666666667,0.02,-0.06,2.53,-0.01,-0.04,2.59
2014-09-30,0.0115822821048095,0.00134139126394868,0.0451999999999989,-0.0666666666666664,0.00174567483385542,6.93715197632615,0.00300552407092436,0.0023064344943311,0.000750549529059915,0.699999999999998,-0.00182268859818357,0.0131131631456748,-0.00333333333333334,4.02666666666667,4.65,0.0366666666666667,-0.0633333333333333,2.40666666666667,0.00333333333333333,-0.0233333333333334,2.47
2014-12-31,0.00447988434149238,0.00202679202057965,0.1601,-0.1,0.00193135095082949,6.95537126567158,0.00370191678339715,0.000178452306429359,-0.0223020961816639,3,-0.00354755308162572,0.0180587675663348,0.01,3.77666666666667,4.64,0.0333333333333333,-0.0766666666666667,2.18,0.0333333333333333,-0.106666666666667,2.25666666666667
2015-03-31,0.00810024055509473,-0.00557784214078794,-0.159233333333333,-0.0666666666666664,0.00126324273289965,6.88099516701384,0.00212917241860566,0.00257876305248909,0.00501457185110018,-0.199999999999998,0.00574576503305124,0.028503612862503,-0.00333333333333333,3.46,4.39,0.04,-0.0833333333333333,1.85666666666667,0.0133333333333333,-0.0566666666666666,1.94
2015-06-30,0.00578325898976395,-0.00457251739521366,-0.0474999999999994,-0.0333333333333335,0.00186123360056634,7.05324446576282,0.00207533780008321,0.00363818422756109,0.00965950978924942,1.03333333333333,0.000670418704936301,-0.00809524093226906,0.00666666666666667,3.77333333333333,4.71,0.03,-0.103333333333333,2.04333333333333,0.01,0.106666666666667,2.14666666666667
2015-09-30,0.00322850947564213,0.000204567836985229,0.0297333333333351,-0.0999999999999999,0.00136629531385246,7.06129509068445,0.00254920016034976,0.000961333794292566,-0.0244177903937353,-2.96666666666666,-0.0059957391577156,0.00768588442404935,0.00333333333333334,3.95,5.10666666666667,0.103333333333333,-0.0966666666666667,2.08333333333333,0.03,-0.0633333333333333,2.18
2015-12-31,0.00146127528279827,-0.00580119011271248,-0.188633333333333,0,0.00190624884393091,7.02487849327663,0.00217223993222149,0.00159879874277102,0.0027151870811822,1.8,0.00186409835104377,0.00861349850788458,0.0333333333333333,3.83333333333333,5.26,0.203333333333333,-0.0366666666666667,2.03,0.0933333333333333,0.0233333333333334,2.06666666666667
2016-03-31,0.00587450991449501,-0.00215705806277929,-0.0227000000000004,0,0.0012949695044225,7.03982602297444,0.00124235311522073,2.80975102076771e-05,-0.00624732849921017,-0.533333333333331,0.00296077611388945,-0.00827539141033196,0.04,3.56666666666667,4.94666666666667,0.193333333333333,-0.0733333333333333,1.56,0.00333333333333334,-0.116666666666667,1.63333333333333
2016-06-30,0.0030193253130637,0.00177640067882479,-0.0584000000000013,-0.0333333333333332,0.00114893119636032,7.06570281512428,0.00293027513140694,0.00602438836474721,-0.00496772775045784,0.833333333333333,0.00155666052050959,-0.00652895368608182,0.00666666666666667,3.21666666666667,4.29333333333333,0.183333333333333,-0.116666666666667,1.38,-0.0366666666666667,-0.0833333333333333,1.49666666666667
2016-09-30,0.00599315888516117,-0.000385487146121595,-0.0487666666666655,0.0333333333333332,0.00185170928702523,7.05373875491567,0.00153370575491903,0.00164570756229547,-0.000371115946288469,-0.766666666666666,-0.000872450023563805,0.00291662880093243,0.00666666666666667,2.94,3.86,0.303333333333333,-0.1,1.16666666666667,0.0133333333333333,-0.00333333333333334,1.26666666666667
2016-12-30,0.00495658377872488,0.000978219634741428,0.0381,-0.0999999999999999,0.0010607238397693,7.11711698911713,0.00256943657861027,0.00483267107108176,0.00566709987403158,2.33333333333333,0.00153127847825818,0.0186155081819734,0.0466666666666667,3.36,4.19,0.316666666666667,-0.02,1.68,0.0933333333333333,0.286666666666667,1.7
2017-03-31,0.00470820938619454,0.000709419636472752,0.0371333333333344,-0.0999999999999999,0.00118758041381639,7.10711043670007,0.0018741180797468,0.00279274587833989,0.00823684436332132,-0.433333333333332,-0.00274956230959204,-0.00301884178984372,0.0833333333333333,3.26,3.96,0.216666666666667,-0.11,1.74333333333333,0.0466666666666667,-0.00333333333333341,1.85333333333333
2017-06-30,0.00558203961446324,0.00400417965674856,0.333666666666664,-0.0333333333333335,0.00130397284787283,7.07594371525626,0.00104847036551744,0.00124696115285516,0.0248147010491735,-0.633333333333335,0.000170281535404844,-0.00974013003353165,0.0833333333333333,2.85,3.54666666666667,0.13,-0.06,1.31333333333333,0.0633333333333333,-0.0966666666666667,1.37333333333333
2017-09-29,0.00716576438756711,-0.00185185013504352,-0.0207000000000003,-0.0333333333333332,0.00104496141987613,7.07202612833772,0.00253054275475921,0.00738743155266105,-0.00766479477490378,0.0333333333333314,0.00201390312794144,-0.0173844890204945,0.0366666666666666,2.5,3.18,0.0866666666666667,-0.116666666666667,1.09,0.0266666666666667,0.00333333333333341,1.20666666666667
2017-12-29,0.00936005606472001,0.00537374179432929,0.275600000000002,-0.0333333333333335,0.00141229722806457,7.11910412727763,0.00436753675362282,0.00547112670721835,0.00215693387759271,0.26666666666667,-0.00218779725733616,0.00621628540026838,0.05,2.35666666666667,3.06666666666667,0.17,0.00333333333333334,1.16666666666667,0.14,0.0666666666666666,1.16333333333333
2018-03-30,0.00759959018575529,0.00303895965947672,0.205766666666667,-0.0333333333333332,0.00147380189658364,7.17643893439377,0.000679997747319897,0.00065735169522263,0.00574073539370919,1.83333333333333,0.000163181911699617,-0.0094165898789198,0.07,2.3,3.02333333333333,0.383333333333333,0.113333333333333,1.31333333333333,0.12,0.146666666666667,1.2
2018-06-29,0.00830453081982618,0.00326360506397805,0.0774666666666661,0,0.00142925474897204,7.15285853527635,0.00268613180084613,0.0042014485676732,0.00312591390146544,-1.06666666666667,0.000161104868515061,0.0132996802058785,0.103333333333333,2.2,3.04,0.446666666666667,0.103333333333333,1.18333333333333,0.09,0.0233333333333334,1.08
2018-09-28,0.004807948858085,0.00265786196412125,0.0770333333333326,-0.0999999999999999,0.00107965022549668,7.12210826066892,0.00164472371295155,0.000487336831496303,0.00490889337902563,0.633333333333331,-1.9120221258125e-06,0.000968234519011328,0.0433333333333333,1.98666666666667,2.89,0.276666666666667,0.116666666666667,1.00333333333333,0.0766666666666667,0.03,0.886666666666667
2018-12-31,0.00222893243457456,-0.000847762980895025,-0.216433333333332,0.0666666666666666,0.00121183093008289,7.05701329490792,-0.000354002545548108,-0.00252035311256608,-0.0035404131758335,-0.599999999999999,-0.00276992147365747,0.00775849679492602,0.106666666666667,1.90666666666667,2.92,0.32,0.0966666666666667,0.813333333333333,0.0333333333333334,-0.0566666666666666,0.716666666666667
2019-03-29,0.00596010612913211,-0.00323612265516478,-0.3827,-0.0333333333333334,0.000788439845978909,7.08639912649659,0.00351756775395392,0.00908906760359152,0.0181369717763555,0.0333333333333362,0.00554041380421092,-0.000801880808416181,0.0466666666666667,1.43,2.57,0.116666666666667,-0.0133333333333333,0.253333333333333,-0.0566666666666666,-0.0866666666666667,0.266666666666667
2019-06-28,0.00789797282240023,-0.0015574720677846,-0.143900000000002,-0.0666666666666666,0.00101223956434223,7.14968186233265,0.00243029497925562,0.00363209668373798,-0.0149124072836351,-0.0666666666666676,-0.00519922721869204,-0.000364026238785324,-0.0100000000000001,1.19666666666667,2.2,0.00666666666666667,-0.0966666666666667,-0.0633333333333333,-0.163333333333333,-0.166666666666667,0.0333333333333333
2019-09-30,0.00683159930835053,-0.000227000754097576,-0.127399999999999,-0.0333333333333334,0.00134415459132657,7.16389637998797,0.00230962012947285,0.00173608147174894,0.000802649401657381,-1.66666666666667,0.00145360011177006,0.00410343363339057,-0.113333333333333,0.91,1.83,-0.0866666666666667,-0.21,-0.393333333333333,-0.0666666666666667,-0.123333333333333,-0.183333333333333
2019-12-31,0.00468000784145062,-0.00227658246871195,0.0329666666666668,0.0333333333333334,0.00129706982284598,7.245267812356,0.00105163089881088,0.00336192548574724,-0.00682806067851812,2.03333333333333,0.000808650881714001,-0.00360299998195993,-0.163333333333333,1.38333333333333,2.27,0.16,-0.0666666666666667,0.15,-0.0833333333333333,0.0533333333333334,0.216666666666667
